district_code,district_name,per_pupil_14-15,enrollment_14-15,expenditure_14-15,per_pupil_15-16,enrollment_15-16,expenditure_15-16,per_pupil_16-17,enrollment_16-17,expenditure_16-17,per_pupil_17-18,enrollment_17-18,expenditure_17-18,per_pupil_18-19,enrollment_18-19,expenditure_18-19,per_pupil_19-20,enrollment_19-20,expenditure_19-20,per_pupil_20-21,enrollment_20-21,expenditure_20-21,per_pupil_21-22,enrollment_21-22,expenditure_21-22,per_pupil_22-23,enrollment_22-23,expenditure_22-23,per_pupil_23-24,enrollment_23-24,expenditure_23-24,per_pupil_24-25,enrollment_24-25,expenditure_24-25
01109,Washtucna,43643.79,43.0,1854861.0,40593.41,46.0,1854713.0,38741.98,48.0,1878986.0,43243.82,49.0,2112893.0,38599.42,54.0,2088229.0,39143.71,56.0,2210836.0,38295.53,61.0,2349048.0,31334.26,81.0,2547476.0,42922.37,66.0,2822146.0,43935.07,67.0,2926076.0,48197.34,61.0,2940520.0
01122,Benge,26653.3,13.0,341162.0,28771.44,13.0,365397.0,33200.51,12.0,415006.0,28935.96,14.0,393529.0,35036.53,12.0,437957.0,27859.68,19.0,523762.0,26377.01,16.0,432583.0,36102.88,11.0,411573.0,52986.31,9.0,476877.0,46567.26,11.0,512240.0,42098.73,13.0,559913.0
01147,Othello,9537.59,4158.0,39658688.0,10231.75,4280.0,43787289.0,10802.25,4404.0,47578290.0,11908.96,4462.0,53135395.0,13316.47,4519.0,60175249.0,14031.94,4646.0,65191687.0,14531.97,4561.0,66283664.0,15907.52,4510.0,71738763.0,16889.52,4613.0,77914542.0,17377.2,4570.0,79415722.0,17793.43,4584.0,81567923.0
01158,Lind,21218.43,178.0,3787490.0,20055.4,196.0,3935672.0,20039.94,190.0,3805986.0,21269.65,199.0,4229895.0,23047.99,201.0,4628498.0,25433.16,190.0,4834844.0,25781.07,198.0,5107489.0,29177.53,196.0,5709750.0,31221.76,202.0,6317410.0,33293.55,182.0,6066751.0,33760.26,173.0,5852341.0
01160,Ritzville,11568.54,344.0,3982124.0,12865.39,350.0,4508547.0,13619.08,355.0,4829600.0,13599.62,358.0,4872473.0,14520.15,355.0,5158720.0,15069.56,351.0,5287757.0,15797.3,326.0,5148973.0,17754.33,348.0,6176731.0,19173.81,353.0,6774299.0,16310.65,402.0,6550358.0,17292.27,399.0,6899270.0
02250,Clarkston,10765.44,2631.0,28323885.0,11311.18,2676.0,30263633.0,11733.59,2687.0,31530150.0,12758.0,2648.0,33779486.0,13702.35,2653.0,36350129.0,13403.22,2657.0,35618644.0,13682.82,2491.0,34079244.0,15293.16,2455.0,37539519.0,16745.18,2496.0,41795126.0,18095.36,2506.0,45351849.0,18367.31,2438.0,44774174.0
02420,Asotin-Anatone,10688.83,613.0,6547552.0,11412.57,658.0,7510040.0,11829.19,659.0,7797447.0,12671.96,633.0,8018059.0,13040.47,650.0,8481002.0,13351.88,622.0,8304337.0,15447.41,617.0,9535221.0,15961.36,609.0,9727968.0,16567.45,613.0,10161317.0,18166.52,620.0,11258517.0,17454.05,657.0,11460156.0
03017,Kennewick,9640.47,17496.0,168667535.0,10337.72,18091.0,187018982.0,10820.74,18616.0,201438418.0,11747.48,19003.0,223237973.0,13040.76,19064.0,248603048.0,13295.81,19233.0,255721902.0,14438.89,18434.0,266162605.0,15133.22,18584.0,281237843.0,15724.72,18850.0,296404605.0,16350.8,19039.0,311306709.0,16773.91,19078.0,320010497.0
03050,Paterson,12588.01,132.0,1657086.0,12891.99,134.0,1728816.0,12590.57,138.0,1733974.0,14484.54,126.0,1817810.0,17613.83,118.0,2077728.0,18093.27,122.0,2202493.0,14953.7,140.0,2087388.0,17666.16,142.0,2503294.0,21242.76,144.0,3058532.0,21380.47,144.0,3074512.0,22076.56,136.0,3002413.0
03052,Kiona Benton,11270.87,1454.0,16393257.0,11872.49,1460.0,17332760.0,12620.34,1441.0,18188438.0,13558.96,1434.0,19449654.0,14903.45,1407.0,20963191.0,14972.49,1395.0,20885271.0,15621.78,1359.0,21231719.0,15956.18,1408.0,22466621.0,17607.6,1398.0,24622112.0,17681.09,1371.0,24232812.0,18599.85,1337.0,24866511.0
03053,Finley,11720.44,893.0,10469521.0,12508.23,896.0,11209875.0,12495.83,906.0,11318221.0,13866.99,881.0,12222921.0,14618.16,882.0,12899647.0,15231.84,875.0,13320852.0,16324.25,880.0,14358486.0,16838.5,854.0,14374356.0,16291.01,880.0,14342768.0,17124.82,867.0,14848077.0,17850.91,869.0,15508160.0
03116,Prosser,10805.51,2798.0,30234802.0,11703.66,2770.0,32422193.0,11895.8,2746.0,32662537.0,13196.47,2707.0,35721932.0,14018.81,2661.0,37306305.0,14394.6,2654.0,38200686.0,14778.86,2517.0,37202964.0,16623.32,2457.0,40841334.0,18412.71,2411.0,44384016.0,18223.73,2457.0,44772417.0,18857.39,2488.0,46910769.0
03400,Richland,9513.81,12061.0,114743405.0,10279.47,12871.0,132309736.0,11150.3,13325.0,148575021.0,11529.73,13693.0,157874264.0,12903.04,13751.0,177431023.0,12987.79,13926.0,180863310.0,14932.93,13266.0,198098141.0,15210.1,13534.0,205857053.0,16245.35,13794.0,224090098.0,16643.41,13986.0,232773736.0,16660.02,14070.0,234413681.0
04019,Manson,12062.76,679.0,8184801.0,13345.82,673.0,8982404.0,13652.21,666.0,9094418.0,15002.49,627.0,9411515.0,16438.51,610.0,10026668.0,16081.04,640.0,10284466.0,17394.92,621.0,10810249.0,18813.57,604.0,11353989.0,20910.41,620.0,12968221.0,18307.41,655.0,11990802.0,21089.67,631.0,13312431.0
04069,Stehekin,38314.59,5.0,180079.0,28223.77,7.0,208856.0,33345.4,6.0,210076.0,40129.62,5.0,216700.0,50877.88,6.0,325618.0,19887.2,10.0,192906.0,22518.45,8.0,180148.0,17227.15,11.0,189499.0,22555.39,10.0,216532.0,39702.54,10.0,411318.0,31085.96,12.0,364949.0
04127,Entiat,12344.17,351.0,4327620.0,13341.57,342.0,4562284.0,13379.36,348.0,4652939.0,15698.58,313.0,4918366.0,16141.93,319.0,5154280.0,17261.55,313.0,5401312.0,18270.85,308.0,5633450.0,20890.57,313.0,6543343.0,19809.0,337.0,6675832.0,18601.65,386.0,7186003.0,20564.4,410.0,8439630.0
04129,Lake Chelan,11170.5,1445.0,16137018.0,11964.74,1454.0,17394224.0,12410.63,1442.0,17892649.0,13051.74,1421.0,18546127.0,14300.73,1419.0,20297596.0,15255.04,1391.0,21212439.0,15937.54,1288.0,20529143.0,17861.67,1261.0,22528741.0,19746.03,1280.0,25283214.0,19084.45,1285.0,24526195.0,18948.81,1258.0,23830976.0
04222,Cashmere,10128.71,1502.0,15216610.0,10698.25,1549.0,16575979.0,10967.49,1596.0,17508606.0,11873.64,1609.0,19108246.0,12422.95,1621.0,20137974.0,13420.11,1606.0,21547601.0,14323.62,1571.0,22508423.0,15076.82,1580.0,23821382.0,15958.07,1612.0,25719455.0,16213.36,1621.0,26289640.0,16484.27,1629.0,26847596.0
04228,Cascade,10668.86,1252.0,13358304.0,11254.63,1329.0,14960668.0,11884.05,1322.0,15712135.0,12508.32,1347.0,16845707.0,14081.31,1322.0,18622108.0,14403.92,1326.0,19098162.0,15808.53,1216.0,19226015.0,17585.31,1236.0,21736151.0,18249.16,1235.0,22537350.0,17954.38,1238.0,22228600.0,17742.62,1219.0,21631630.0
04246,Wenatchee,10455.31,7941.0,83027834.0,11034.76,8054.0,88876738.0,11773.85,7855.0,92482379.0,12770.2,7870.0,100503878.0,13942.59,7828.0,109138716.0,14078.46,7855.0,110579991.0,15584.14,7405.0,115398567.0,16687.78,7392.0,123352556.0,17052.76,7319.0,124809488.0,17688.19,7217.0,127656021.0,18152.0,7085.0,128601993.0
04901,Pinnacle Prep Charter,,,,,,,,,,,,,,,,,,,,,,22428.83,109.0,2451471.0,19538.81,168.0,3273142.0,19887.92,218.0,4330595.0,21328.73,223.0,4752041.0
05121,Port Angeles,10338.82,3844.0,39742526.0,11186.72,3858.0,43160372.0,12350.91,3831.0,47321645.0,13155.51,3811.0,50138430.0,14012.38,3805.0,53322575.0,14408.73,3721.0,53618470.0,15555.55,3453.0,53712241.0,16933.49,3511.0,59449578.0,17907.6,3492.0,62539246.0,17599.73,3505.0,61695493.0,17304.16,3457.0,59818937.0
05313,Crescent,12202.74,270.0,3295227.0,13039.56,281.0,3668157.0,12160.38,322.0,3911386.0,12538.33,338.0,4240966.0,14045.55,351.0,4932517.0,14004.83,369.0,5165541.0,16786.6,322.0,5409312.0,19499.08,309.0,6025412.0,18767.31,335.0,6285548.0,18160.67,357.0,6487719.0,19877.91,382.0,7586006.0
05323,Sequim,9913.42,2769.0,27453026.0,10711.5,2794.0,29931145.0,11212.03,2847.0,31925021.0,11890.53,2834.0,33700496.0,13758.1,2825.0,38867463.0,14269.8,2749.0,39230117.0,16208.03,2540.0,41162068.0,17465.09,2559.0,44697890.0,17480.56,2597.0,45392474.0,17941.45,2599.0,46623730.0,18023.02,2598.0,46824697.0
05401,Cape Flattery,16274.19,466.0,7585238.0,17627.61,473.0,8344560.0,16830.75,502.0,8448867.0,19274.87,500.0,9628570.0,20598.24,507.0,10444953.0,21646.14,529.0,11449294.0,22612.36,514.0,11623881.0,27744.15,481.0,13357142.0,26400.81,484.0,12775879.0,28368.11,491.0,13930726.0,29606.15,491.0,14547279.0
05402,Quillayute Valley,8513.96,2943.0,25058472.0,9411.24,2959.0,27847120.0,9644.62,2924.0,28198260.0,10058.39,3093.0,31106975.0,11595.7,3338.0,38710277.0,12250.31,3359.0,41149515.0,12722.83,3494.0,44455608.0,12647.62,3518.0,44498750.0,14339.13,3237.0,46410042.0,14691.91,3611.0,53057621.0,15081.92,4007.0,60432934.0
05903,Quileute Tribal,,,,,,,12454.61,62.0,778413.0,10454.92,79.0,822803.0,21764.92,97.0,2109673.0,20212.18,114.0,2311465.0,17781.04,130.0,2309224.0,23080.99,116.0,2671625.0,,,,16284.11,125.0,2032419.0,26177.89,110.0,2873808.0
06037,Vancouver,10565.34,22977.0,242758188.0,11255.26,23206.0,261193843.0,11749.66,23581.0,277071013.0,12486.43,23526.0,293750726.0,13798.53,23222.0,320427163.0,14711.76,23143.0,340478290.0,15285.63,21644.0,330845426.0,17665.7,21608.0,381727774.0,18430.89,21864.0,402978368.0,19241.79,21708.0,417698169.0,19934.6,21475.0,428103521.0
06098,Hockinson,9639.14,1797.0,17324907.0,10359.75,1787.0,18515972.0,10672.79,1872.0,19974971.0,11634.46,1954.0,22730586.0,12689.23,1967.0,24963400.0,12755.84,2026.0,25843206.0,13737.37,1816.0,24945003.0,13994.3,1931.0,27019211.0,14935.31,2011.0,30037886.0,16009.55,2056.0,32918358.0,16850.16,2079.0,35038228.0
06101,Lacenter,9316.69,1530.0,14256122.0,10117.09,1627.0,16457370.0,10729.42,1664.0,17852567.0,11557.91,1686.0,19485017.0,12116.39,1674.0,20278471.0,13217.11,1683.0,22250471.0,14233.93,1570.0,22346268.0,14810.23,1681.0,24890513.0,15952.57,1716.0,27379552.0,16146.51,1805.0,29151886.0,17066.59,1807.0,30830958.0
06103,Green Mountain,11965.36,136.0,1624896.0,11213.93,159.0,1780772.0,12093.34,152.0,1841816.0,12236.58,157.0,1921143.0,13434.17,161.0,2161559.0,14439.36,161.0,2321560.0,15519.98,155.0,2402337.0,16190.6,155.0,2514562.0,16047.72,172.0,2752987.0,17289.03,168.0,2899370.0,19242.04,164.0,3150499.0
06112,Washougal,9671.06,3060.0,29590641.0,10164.91,3144.0,31953812.0,11114.04,3209.0,35668740.0,11924.01,3209.0,38259127.0,14284.84,3143.0,44902114.0,14198.63,3224.0,45773393.0,16385.2,2918.0,47818891.0,17518.07,2930.0,51320067.0,18203.92,2842.0,51730273.0,17601.48,2784.0,48998820.0,18288.24,2692.0,49224618.0
06114,Evergreen (Clark),10319.23,26677.0,275288471.0,11056.05,26508.0,293077461.0,11745.27,26757.0,314268236.0,12935.76,26256.0,339644899.0,14003.31,25861.0,362136805.0,14411.15,25530.0,367917025.0,15568.24,23912.0,372265714.0,17233.02,23214.0,400044238.0,17766.76,23084.0,410135751.0,18308.31,22731.0,416164650.0,19669.86,22380.0,440213648.0
06117,Camas,9646.03,6421.0,61940325.0,10322.42,6667.0,68821767.0,10528.73,7068.0,74419459.0,11748.84,7151.0,84021369.0,12842.51,7345.0,94324101.0,13173.96,7526.0,99153562.0,14378.94,7057.0,101474069.0,15371.78,7094.0,109048348.0,16127.29,7176.0,115730424.0,16919.39,7186.0,121588123.0,17885.04,7134.0,127587744.0
06119,Battle Ground,10162.23,12944.0,131541075.0,10951.37,12892.0,141183509.0,11161.32,13283.0,148251867.0,11755.03,13378.0,157257088.0,13248.62,13117.0,173785264.0,13653.04,13083.0,178616628.0,14627.2,11792.0,172478773.0,15694.99,11777.0,184839462.0,16732.19,12257.0,205090923.0,17716.42,12489.0,221262010.0,18168.1,12702.0,230769043.0
06122,Ridgefield,9477.05,2208.0,20925715.0,9563.83,2424.0,23178232.0,10171.55,2751.0,27985090.0,10508.17,3018.0,31716795.0,12329.38,3215.0,39641298.0,12486.47,3428.0,42800254.0,13346.56,3313.0,44212095.0,13819.64,3759.0,51953541.0,15798.3,3919.0,61918903.0,15923.92,4097.0,65233762.0,16231.75,4204.0,68236180.0
06901,Rooted Schools Charter,,,,,,,,,,,,,,,,,,,,,,,,,,,,70764.31,26.0,1868178.0,39225.34,54.0,2106009.0
07002,Dayton,13356.5,421.0,5617343.0,14598.65,393.0,5730552.0,14345.22,411.0,5890864.0,16055.18,400.0,6417899.0,17836.37,385.0,6865577.0,17137.49,395.0,6764169.0,17626.9,386.0,6807685.0,21724.3,350.0,7612628.0,23839.71,357.0,8510061.0,24147.99,345.0,8331782.0,22816.91,353.0,8065092.0
07035,Starbuck,23624.49,24.0,571713.0,19756.73,27.0,541334.0,26841.84,21.0,552942.0,22054.31,26.0,582234.0,31825.95,21.0,654023.0,25341.07,31.0,794443.0,20040.47,52.0,1048117.0,12366.89,333.0,4115700.0,12713.13,440.0,5589964.0,11130.36,751.0,8363016.0,12037.0,787.0,9477932.0
08122,Longview,10469.54,6601.0,69113434.0,11093.98,6787.0,75293854.0,11691.59,6753.0,78958006.0,12795.04,6682.0,85493913.0,13789.08,6708.0,92496047.0,13892.51,6710.0,93223728.0,15003.54,6268.0,94041436.0,15993.29,6251.0,99972126.0,17362.84,6306.0,109491623.0,17594.41,6314.0,111094980.0,18299.11,6389.0,116904954.0
08130,Toutle Lake,10793.56,587.0,6332472.0,10771.52,632.0,6804046.0,11270.5,654.0,7374739.0,12436.46,684.0,8502933.0,13974.67,679.0,9492713.0,14422.99,686.0,9899218.0,14931.41,659.0,9839950.0,16057.51,689.0,11056561.0,17551.29,672.0,11800260.0,17943.9,674.0,12094190.0,18150.7,674.0,12227766.0
08401,Castle Rock,10257.38,1265.0,12972299.0,10879.21,1234.0,13429835.0,11108.22,1278.0,14196189.0,11812.58,1343.0,15869143.0,13247.36,1416.0,18757471.0,13370.36,1462.0,19551082.0,14267.06,1375.0,19610355.0,14557.96,1419.0,20651777.0,16150.81,1454.0,23475201.0,16652.24,1420.0,23641186.0,16610.67,1451.0,24096771.0
08402,Kalama,9174.32,892.0,8184323.0,9883.99,919.0,9087143.0,10277.89,944.0,9704484.0,10623.88,1019.0,10829238.0,12829.61,1021.0,13095567.0,13239.98,1042.0,13789570.0,13995.32,1020.0,14279282.0,15370.15,1045.0,16065192.0,17714.02,1148.0,20339775.0,17241.04,1137.0,19609784.0,17241.19,1154.0,19888575.0
08404,Woodland,11181.68,2237.0,25016430.0,12184.4,2310.0,28140732.0,12559.02,2393.0,30055378.0,13660.42,2451.0,33484153.0,14863.06,2502.0,37192715.0,15301.23,2517.0,38511206.0,16546.63,2375.0,39298244.0,17986.28,2360.0,42444030.0,19431.05,2411.0,46854477.0,18677.21,2389.0,44624148.0,19934.37,2399.0,47824345.0
08458,Kelso,10290.52,4817.0,49571910.0,10832.7,4972.0,53862466.0,11241.76,5023.0,56469621.0,12035.96,5181.0,62357471.0,13504.62,5105.0,68947275.0,13454.61,5086.0,68427174.0,14461.45,4778.0,69094207.0,15770.89,4868.0,76768929.0,16679.56,5037.0,84008609.0,17043.7,5069.0,86401868.0,17778.69,5088.0,90458528.0
09013,Orondo,17948.84,174.0,3124354.0,21735.04,153.0,3324374.0,19511.59,182.0,3555011.0,19785.04,177.0,3503931.0,20288.65,176.0,3562687.0,22124.73,172.0,3799038.0,24485.48,155.0,3786189.0,28934.07,137.0,3962231.0,36234.12,117.0,4254973.0,39801.57,109.0,4340759.0,36958.94,110.0,4065484.0
09075,Bridgeport,9978.06,835.0,8336273.0,10965.54,868.0,9522477.0,11699.37,862.0,10085558.0,12522.75,863.0,10802374.0,13997.59,850.0,11898514.0,14686.44,794.0,11660592.0,15407.45,759.0,11698720.0,16374.87,748.0,12241360.0,18107.52,760.0,13769863.0,18735.5,742.0,13905300.0,18274.83,760.0,13888690.0
09102,Palisades,20989.39,30.0,628213.0,17827.37,35.0,631802.0,25880.49,27.0,703949.0,27967.35,26.0,713167.0,27235.83,26.0,719026.0,27626.74,26.0,710007.0,22086.18,29.0,633873.0,32979.08,24.0,798094.0,32448.31,29.0,934511.0,38304.4,27.0,1022727.0,32312.27,31.0,1004912.0
09206,Eastmont,9913.67,5750.0,57001827.0,10351.41,5902.0,61092158.0,10832.33,6059.0,65628019.0,11583.55,6181.0,71600559.0,12820.45,6188.0,79335636.0,13473.5,6199.0,83524626.0,14048.33,5979.0,84001709.0,15874.82,5862.0,93057057.0,17083.9,5950.0,101653319.0,17293.25,5994.0,103658485.0,17418.37,5908.0,102900252.0
09207,Mansfield,21417.62,98.0,2097856.0,23198.75,93.0,2151916.0,22280.64,101.0,2241432.0,24621.53,92.0,2255332.0,25485.39,93.0,2378807.0,25699.32,96.0,2454799.0,27352.24,88.0,2415203.0,30580.83,90.0,2740349.0,30667.39,98.0,3016445.0,34715.61,100.0,3469825.0,34575.15,99.0,3438499.0
09209,Waterville,15069.01,266.0,4005193.0,15422.85,269.0,4151830.0,15812.18,277.0,4378392.0,15804.46,281.0,4435522.0,17032.19,278.0,4733244.0,18799.06,261.0,4910313.0,19583.15,266.0,5213230.0,22633.49,258.0,5833783.0,23269.16,262.0,6085350.0,22741.77,255.0,5803245.0,23267.4,259.0,6024860.0
10003,Keller,35489.26,30.0,1080648.0,37745.88,27.0,1024801.0,34427.71,29.0,1012175.0,40628.11,28.0,1149775.0,34895.3,34.0,1199351.0,34815.16,41.0,1431599.0,41602.51,37.0,1543453.0,40914.45,34.0,1395183.0,48835.42,35.0,1699472.0,37631.24,44.0,1640722.0,48110.52,37.0,1799333.0
10050,Curlew,13982.11,199.0,2787892.0,17012.93,171.0,2915335.0,17256.91,176.0,3038941.0,13829.05,212.0,2930099.0,13938.45,245.0,3418822.0,15243.62,249.0,3800387.0,15558.46,289.0,4499351.0,18494.56,267.0,4931204.0,20375.35,245.0,4990127.0,21767.77,273.0,5940425.0,20209.21,282.0,5701624.0
10065,Orient,15497.74,74.0,1140634.0,15314.68,72.0,1101738.0,17431.51,62.0,1076047.0,16770.53,70.0,1178633.0,23843.62,46.0,1108728.0,26180.6,49.0,1280493.0,33763.83,44.0,1484933.0,45483.46,32.0,1478212.0,40811.03,40.0,1612852.0,43161.04,34.0,1476108.0,32326.48,43.0,1391978.0
10070,Inchelium,16886.82,220.0,3715101.0,19315.08,215.0,4150424.0,17808.89,221.0,3936656.0,20732.11,220.0,4555467.0,23981.24,215.0,5153569.0,25612.47,217.0,5551503.0,25510.45,219.0,5590615.0,24833.29,221.0,5497594.0,30058.86,200.0,6020489.0,36119.07,188.0,6779549.0,39331.04,190.0,7470537.0
10309,Republic,13661.98,320.0,4368281.0,12949.25,335.0,4338516.0,12758.8,366.0,4669084.0,14771.23,362.0,5350583.0,18076.98,347.0,6279581.0,17662.75,339.0,5988204.0,16136.17,375.0,6044449.0,17739.96,364.0,6452379.0,18382.89,383.0,7040463.0,19425.16,432.0,8385258.0,21517.5,518.0,11149291.0
11001,Pasco,10025.46,16780.0,168224223.0,11433.79,17376.0,198673275.0,11580.96,17751.0,205568196.0,12496.6,18139.0,226680987.0,13632.46,18406.0,250913782.0,13630.92,18726.0,255250906.0,14778.78,18233.0,269456771.0,16486.32,18141.0,299086639.0,17474.36,18306.0,319889164.0,16977.44,18444.0,313136067.0,18166.93,18445.0,335080466.0
11051,North Franklin,10239.49,2114.0,21648479.0,11226.89,2078.0,23332503.0,11288.48,2147.0,24233212.0,12119.04,2161.0,26185003.0,13620.33,2134.0,29062102.0,14055.81,2097.0,29480794.0,15660.74,2056.0,32206155.0,16370.53,2062.0,33756697.0,17914.81,2044.0,36625924.0,18172.42,2036.0,36999954.0,17979.33,2061.0,37060257.0
11054,Star,46348.25,8.0,349002.0,40846.66,9.0,361493.0,31867.62,12.0,366478.0,37345.22,10.0,380921.0,39747.61,9.0,361703.0,27740.82,15.0,421660.0,28842.2,15.0,435517.0,39484.84,11.0,450127.0,49316.51,10.0,503028.0,47239.65,10.0,491292.0,47434.08,13.0,616643.0
11056,Kahlotus,41257.18,47.0,1922584.0,42239.14,47.0,1985240.0,41871.68,48.0,2026589.0,47842.28,45.0,2133766.0,47841.31,44.0,2115543.0,52322.44,41.0,2168765.0,61136.08,38.0,2353739.0,59765.35,41.0,2450380.0,57916.44,49.0,2820531.0,56670.7,49.0,2749096.0,53692.78,55.0,2955251.0
12110,Pomeroy,13736.03,307.0,4221220.0,13451.69,356.0,4795259.0,14944.55,311.0,4654628.0,14770.88,330.0,4872470.0,15698.88,332.0,5208576.0,16711.14,317.0,5291916.0,17074.49,313.0,5340046.0,16641.72,353.0,5868869.0,19199.45,347.0,6658370.0,21029.56,339.0,7128600.0,21818.5,344.0,7495747.0
13073,Wahluke,10537.19,2242.0,23628697.0,10999.35,2298.0,25271336.0,11567.59,2386.0,27604773.0,13026.63,2418.0,31494365.0,15592.62,2432.0,37921569.0,15801.41,2448.0,38679318.0,16406.83,2443.0,40079756.0,18683.38,2413.0,45084112.0,20756.43,2391.0,49630278.0,19452.77,2382.0,46331643.0,21033.36,2339.0,49190498.0
13144,Quincy,10489.1,2894.0,30356293.0,11340.26,2904.0,32933370.0,12184.1,2973.0,36220895.0,13446.23,2998.0,40316910.0,14688.56,2999.0,44049529.0,15511.15,3024.0,46913332.0,15560.88,3059.0,47606815.0,16788.24,3164.0,53116975.0,18798.82,3151.0,59229064.0,18310.32,3245.0,59419194.0,18316.27,3259.0,59694929.0
13146,Warden,10454.13,973.0,10169935.0,10753.1,983.0,10566422.0,11519.99,981.0,11296386.0,12573.08,973.0,12231089.0,14462.54,931.0,13462165.0,15031.18,911.0,13693101.0,15827.4,878.0,13902947.0,17659.55,890.0,15723176.0,19537.55,872.0,17042997.0,18096.69,924.0,16721888.0,18646.95,923.0,17216727.0
13151,Coulee/Hartline,14475.23,200.0,2889545.0,15295.99,201.0,3078930.0,15709.46,195.0,3062560.0,15575.2,202.0,3139493.0,15843.19,207.0,3272410.0,15364.62,222.0,3405568.0,16277.45,207.0,3366014.0,18553.42,211.0,3922934.0,20632.77,199.0,4110048.0,21753.53,204.0,4439460.0,23458.61,196.0,4605159.0
13156,Soap Lake,12645.48,474.0,5999269.0,12814.91,507.0,6493700.0,13793.82,504.0,6952636.0,14066.54,505.0,7102057.0,14630.52,535.0,7832009.0,14639.3,558.0,8175314.0,15903.6,548.0,8711040.0,18699.91,555.0,10383502.0,20655.71,498.0,10282412.0,19490.43,538.0,10481369.0,19824.58,548.0,10860101.0
13160,Royal,9360.96,1679.0,15713584.0,10286.43,1716.0,17655620.0,10806.13,1722.0,18610863.0,12023.13,1745.0,20982402.0,13717.35,1752.0,24026626.0,14045.95,1746.0,24523670.0,15018.31,1738.0,26108878.0,15529.99,1764.0,27401573.0,16771.78,1749.0,29339878.0,17448.5,1732.0,30214005.0,17622.32,1741.0,30675886.0
13161,Moses Lake,10173.59,8257.0,84004824.0,11066.48,8464.0,93661735.0,11692.12,8667.0,101332006.0,12811.55,8775.0,112416364.0,13604.0,8812.0,119885119.0,13157.0,8913.0,117267845.0,14927.37,8197.0,122357837.0,15930.56,8456.0,134704195.0,17728.57,8650.0,153360663.0,17892.18,8750.0,156563517.0,15005.0,8577.0,128701354.0
13165,Ephrata,9820.91,2402.0,23587267.0,10762.64,2373.0,25542442.0,11352.7,2496.0,28336668.0,12379.42,2572.0,31840363.0,12602.63,2599.0,32754992.0,13195.57,2666.0,35173057.0,14909.57,2584.0,38525426.0,15430.3,2598.0,40089318.0,15486.65,2688.0,41630290.0,16856.17,2733.0,46076353.0,17705.64,2746.0,48622528.0
13167,Wilson Creek,17960.31,149.0,2676087.0,18399.1,152.0,2789303.0,20645.46,147.0,3029515.0,21819.68,140.0,3062610.0,21488.72,148.0,3176678.0,21586.8,145.0,3133539.0,25233.71,133.0,3346242.0,28581.9,114.0,3252335.0,32422.25,113.0,3679277.0,29906.12,117.0,3498716.0,29267.65,123.0,3594945.0
13301,Grand Coulee Dam,12883.72,731.0,9417752.0,14359.13,706.0,10133384.0,13984.4,732.0,10231269.0,14160.99,723.0,10241654.0,15449.09,740.0,11429856.0,15775.67,735.0,11589277.0,16368.0,717.0,11740109.0,17226.39,722.0,12443140.0,18224.79,734.0,13368248.0,19716.79,705.0,13903297.0,21072.39,662.0,13944019.0
14005,Aberdeen,11602.21,3316.0,38476765.0,12299.63,3347.0,41164409.0,12879.18,3416.0,43989239.0,13482.84,3490.0,47060086.0,14814.54,3479.0,51545992.0,15117.21,3444.0,52066248.0,15357.47,3163.0,48580886.0,18354.97,3178.0,58341284.0,19308.11,3241.0,62571418.0,19563.05,3232.0,63222316.0,19744.81,3176.0,62704189.0
14028,Hoquiam,11558.18,1692.0,19555746.0,11957.1,1685.0,20149390.0,12175.6,1674.0,20376714.0,12995.28,1685.0,21895619.0,13912.35,1692.0,23541647.0,14447.57,1634.0,23600836.0,14402.53,1603.0,23088547.0,17693.11,1577.0,27907343.0,18662.67,1633.0,30484165.0,19932.4,1605.0,31996079.0,20362.33,1572.0,32003265.0
14064,North Beach,10850.96,673.0,7306928.0,11907.61,679.0,8090028.0,12356.44,667.0,8239025.0,13008.77,692.0,8997385.0,15547.79,713.0,11089617.0,16598.3,716.0,11883884.0,17149.62,736.0,12628297.0,19742.25,715.0,14109787.0,21388.69,653.0,13964465.0,20972.81,652.0,13672387.0,21338.05,633.0,13516802.0
14065,Mc Cleary,11999.2,273.0,3277581.0,11365.03,314.0,3565550.0,12919.28,340.0,4391910.0,14514.11,321.0,4654096.0,14689.66,309.0,4543512.0,16057.14,329.0,5287937.0,16677.72,295.0,4914924.0,18390.68,292.0,5373205.0,19648.62,310.0,6095787.0,20691.9,325.0,6723834.0,20957.41,317.0,6652301.0
14066,Montesano,10134.12,1281.0,12977958.0,10223.42,1377.0,14078882.0,10642.88,1415.0,15058298.0,11744.59,1398.0,16419995.0,13295.02,1429.0,18997785.0,13104.32,1461.0,19140564.0,14216.12,1386.0,19702261.0,16002.89,1377.0,22034853.0,16781.32,1435.0,24086222.0,16144.92,1479.0,23879950.0,16841.99,1486.0,25028879.0
14068,Elma,10502.99,1499.0,15747279.0,11738.09,1446.0,16971753.0,12822.75,1436.0,18407948.0,12995.47,1494.0,19415359.0,15113.01,1536.0,23211317.0,15101.68,1609.0,24301327.0,16813.6,1526.0,25649323.0,16277.68,1586.0,25818687.0,16583.27,1713.0,28413608.0,17619.31,1699.0,29928517.0,18187.08,1653.0,30056696.0
14077,Taholah,21878.93,192.0,4203817.0,23549.89,182.0,4287728.0,24638.16,174.0,4293447.0,27548.84,167.0,4605339.0,27144.79,173.0,4708264.0,27385.59,172.0,4708953.0,28013.98,170.0,4748930.0,34669.92,161.0,5569376.0,34014.26,172.0,5859636.0,36351.79,186.0,6746892.0,35613.8,188.0,6709639.0
14097,Quinault,18990.9,165.0,3127801.0,18743.31,168.0,3149626.0,20880.35,161.0,3368626.0,22201.74,171.0,3805378.0,22505.52,178.0,4010709.0,20398.32,199.0,4059266.0,21591.47,181.0,3901146.0,22980.25,178.0,4081293.0,24748.87,200.0,4958683.0,24141.82,208.0,5021982.0,26161.27,211.0,5530492.0
14099,Cosmopolis,14116.61,135.0,1912094.0,13829.9,147.0,2027186.0,14759.08,148.0,2178293.0,16511.23,152.0,2502772.0,15485.13,159.0,2467556.0,17049.77,176.0,2999736.0,18555.8,166.0,3076737.0,18781.15,165.0,3090626.0,24118.4,178.0,4303447.0,21884.32,181.0,3971565.0,20019.52,187.0,3744652.0
14104,Satsop,11377.4,59.0,668991.0,9986.86,69.0,685098.0,10820.51,70.0,757869.0,11528.87,67.0,774279.0,13599.95,55.0,753437.0,13341.42,60.0,795816.0,18694.78,51.0,950816.0,17730.44,54.0,957444.0,20749.7,55.0,1132104.0,19773.08,61.0,1212486.0,20085.04,67.0,1347305.0
14117,Wishkah Valley,16520.05,146.0,2413249.0,16420.98,151.0,2471522.0,17048.83,161.0,2747248.0,22254.52,146.0,3255614.0,26526.41,146.0,3867551.0,23356.07,154.0,3597535.0,26833.71,148.0,3960656.0,25498.02,157.0,3992225.0,25202.59,156.0,3943702.0,23219.49,179.0,4148395.0,25240.84,174.0,4402255.0
14172,Ocosta,12606.42,636.0,8018693.0,13678.09,622.0,8501615.0,14406.97,608.0,8753965.0,15118.38,590.0,8919847.0,15703.52,632.0,9926980.0,16008.53,633.0,10130999.0,17443.2,605.0,10557669.0,19335.05,566.0,10945182.0,21504.45,572.0,12299900.0,21670.91,589.0,12755282.0,21140.05,586.0,12390393.0
14400,Oakville,15897.51,246.0,3910787.0,17539.01,231.0,4044848.0,16621.84,226.0,3763848.0,15352.57,241.0,3702579.0,17731.52,239.0,4240492.0,16587.37,289.0,4786452.0,19758.73,295.0,5819935.0,17566.02,329.0,5783259.0,20807.31,337.0,7008733.0,22154.42,327.0,7254907.0,24461.42,332.0,8110428.0
15201,Oak Harbor,10276.46,5463.0,56141651.0,10410.8,5781.0,60189718.0,10877.82,5903.0,64210676.0,12169.98,5995.0,72962777.0,13961.85,6019.0,84039858.0,14668.25,6057.0,88846030.0,15728.95,5630.0,88551477.0,18311.41,5623.0,102960307.0,19018.58,5685.0,108114549.0,18814.64,5769.0,108541258.0,19743.29,5604.0,110636838.0
15204,Coupeville,10672.93,893.0,9528148.0,10752.56,975.0,10481484.0,11394.03,1001.0,11405881.0,12345.97,999.0,12331894.0,15023.74,987.0,14826775.0,14669.94,1046.0,15337721.0,15450.75,995.0,15378133.0,19691.9,979.0,19286640.0,18411.79,1028.0,18929163.0,18305.85,1021.0,18695945.0,18164.15,1040.0,18888904.0
15206,South Whidbey,10819.29,1406.0,15209651.0,11664.6,1380.0,16096676.0,12174.6,1364.0,16608706.0,13396.04,1357.0,18184591.0,15349.6,1318.0,20235377.0,15284.08,1304.0,19931047.0,15498.51,1211.0,18769476.0,18184.87,1200.0,21813837.0,18662.13,1199.0,22374583.0,18197.03,1165.0,21198635.0,19120.05,1191.0,22778677.0
16020,Queets-Clearwater,37610.8,27.0,1019629.0,46607.76,19.0,904190.0,35453.7,26.0,918251.0,50792.85,19.0,949826.0,53609.98,17.0,927453.0,35306.12,25.0,877357.0,22565.43,41.0,916156.0,19548.47,51.0,1004791.0,31444.73,36.0,1138299.0,31306.64,42.0,1316131.0,39502.34,37.0,1473437.0
16046,Brinnon,23648.51,41.0,958001.0,19209.86,51.0,983161.0,17593.66,58.0,1015682.0,16422.81,71.0,1168976.0,17946.54,79.0,1417238.0,18377.73,76.0,1391746.0,19472.63,77.0,1508350.0,22267.93,72.0,1609080.0,24553.25,75.0,1835355.0,24950.43,76.0,1901972.0,26162.34,73.0,1920054.0
16048,Quilcene,8637.0,559.0,4824971.0,10039.38,585.0,5873638.0,9872.46,605.0,5972345.0,11025.14,620.0,6830626.0,13193.25,616.0,8121894.0,12833.99,651.0,8359034.0,13739.48,645.0,8860728.0,15019.7,646.0,9704076.0,15644.49,658.0,10292356.0,16570.15,633.0,10481119.0,16300.68,664.0,10830170.0
16049,Chimacum,11027.12,1068.0,11778730.0,11800.06,1066.0,12574260.0,12476.11,1050.0,13094300.0,13885.31,951.0,13203123.0,16197.62,848.0,13728452.0,16803.18,821.0,13798099.0,18765.53,732.0,13731676.0,20405.48,685.0,13979185.0,21348.53,703.0,14999476.0,22009.36,703.0,15467075.0,24389.34,681.0,16602070.0
16050,Port Townsend,11704.54,1172.0,13719706.0,12711.42,1167.0,14839944.0,12869.11,1170.0,15056597.0,13586.48,1163.0,15807864.0,14457.11,1210.0,17487753.0,15282.29,1223.0,18689013.0,16766.21,1104.0,18512917.0,18504.11,1177.0,21777860.0,19364.82,1182.0,22891540.0,19806.47,1193.0,23630701.0,19156.57,1260.0,24134983.0
17001,Seattle,12665.35,51168.0,648066617.0,13689.51,51909.0,710607691.0,13895.06,54131.0,752156925.0,14951.35,54623.0,816683371.0,16753.45,54537.0,913687822.0,17483.19,55303.0,966875780.0,18386.73,52961.0,973784864.0,20662.33,51027.0,1054331382.0,22113.85,50838.0,1124214949.0,22563.84,50447.0,1138288131.0,23660.61,50542.0,1195855065.0
17210,Federal Way,10635.78,21950.0,233460234.0,11572.6,22720.0,262934241.0,12220.67,22813.0,278790116.0,13381.58,22839.0,305628283.0,14903.49,22706.0,338396049.0,14815.05,22564.0,334280741.0,16331.54,21189.0,346045645.0,17757.4,20710.0,367751982.0,18984.82,21014.0,398938485.0,19524.53,21261.0,415118679.0,19832.71,21631.0,428997002.0
17216,Enumclaw,11080.45,3896.0,43165227.0,11702.07,4034.0,47201588.0,12095.41,4049.0,48977720.0,12882.83,4099.0,52801173.0,14095.0,4112.0,57957802.0,14418.34,4271.0,61584065.0,15708.26,4063.0,63819538.0,16618.22,4169.0,69281356.0,17110.11,4339.0,74243152.0,17659.43,4450.0,78587639.0,17933.64,4461.0,80010028.0
17400,Mercer Island,10943.2,4268.0,46708973.0,11806.86,4286.0,50608353.0,12089.74,4447.0,53767165.0,13330.09,4506.0,60069261.0,14971.99,4482.0,67108483.0,15053.46,4433.0,66737701.0,16664.96,4108.0,68459657.0,17441.28,4023.0,70158266.0,17460.94,4006.0,69954646.0,19259.7,3955.0,76181342.0,19889.99,3976.0,79090155.0
17401,Highline,11495.55,19478.0,223911805.0,12240.87,19844.0,242907864.0,12665.71,19717.0,249733873.0,13742.84,19587.0,269187697.0,15902.4,18975.0,301743393.0,16634.37,18918.0,314693876.0,17444.75,18427.0,321462806.0,19769.52,17987.0,355589398.0,21065.24,17809.0,375161243.0,21496.13,17863.0,383992247.0,22128.09,18090.0,400293006.0
17402,Vashon Island,11510.51,1513.0,17409647.0,12417.28,1537.0,19091444.0,12409.46,1600.0,19855873.0,13289.64,1587.0,21095848.0,14912.79,1535.0,22890381.0,15786.71,1514.0,23897137.0,16038.39,1477.0,23687415.0,17264.9,1494.0,25800143.0,18378.8,1487.0,27328726.0,18538.37,1448.0,26844480.0,19320.69,1440.0,27815032.0
17403,Renton,11089.39,15308.0,169758631.0,11594.7,15738.0,182475121.0,12049.92,15916.0,191787321.0,13431.72,15986.0,214714221.0,15326.19,16034.0,245739100.0,16483.19,15893.0,261968174.0,16802.06,15277.0,256676873.0,18609.37,14757.0,274611287.0,20215.28,14810.0,299388323.0,20689.95,14641.0,302930210.0,21067.03,14664.0,308925633.0
17404,Skykomish,47589.71,45.0,2135350.0,49583.36,43.0,2108780.0,42604.13,53.0,2260575.0,46602.29,49.0,2261609.0,50076.21,54.0,2698607.0,48735.45,55.0,2670215.0,58359.72,46.0,2713727.0,74893.21,35.0,2603288.0,77012.31,36.0,2734707.0,62135.01,44.0,2728348.0,71138.34,41.0,2933034.0
17405,Bellevue,11915.55,19008.0,226490765.0,12647.31,19654.0,248573836.0,12891.3,20465.0,263819589.0,13656.67,20792.0,283943865.0,15668.41,20858.0,326818299.0,16647.18,20915.0,348168075.0,17214.94,19801.0,340877284.0,18489.04,19090.0,352962098.0,20626.03,18814.0,388062700.0,20765.39,19351.0,401828042.0,21631.67,19702.0,426193674.0
17406,Tukwila,12821.35,3034.0,38896527.0,14693.35,2981.0,43805142.0,14436.82,2959.0,42720874.0,15327.42,2908.0,44566759.0,16178.13,2887.0,46709024.0,16849.87,2910.0,49034144.0,18473.26,2679.0,49482670.0,22439.43,2536.0,56904148.0,24715.93,2544.0,62868169.0,23170.36,2779.0,64380931.0,20013.46,2819.0,56424146.0
17407,Riverview,10110.42,3152.0,31864819.0,11163.58,3160.0,35272900.0,11167.32,3356.0,37480441.0,11953.77,3399.0,40632893.0,13374.22,3420.0,45740917.0,14000.93,3375.0,47257070.0,15507.59,3064.0,47508444.0,16766.01,3056.0,51234735.0,17180.14,3083.0,52972915.0,18213.2,3067.0,55851151.0,19813.96,2988.0,59197179.0
17408,Auburn,10957.03,15311.0,167761387.0,11725.11,15753.0,184701714.0,12245.31,16141.0,197646117.0,12879.1,16722.0,215358325.0,14173.02,17036.0,241451165.0,15080.11,17463.0,263348588.0,16463.3,16761.0,275934947.0,17818.54,17010.0,303101247.0,19312.79,17558.0,339088976.0,19464.49,17728.0,345061114.0,20029.87,17745.0,355430413.0
17409,Tahoma,9708.27,7735.0,75092017.0,10132.39,7830.0,79334474.0,10560.34,8068.0,85199123.0,11251.48,8572.0,96451635.0,12501.59,8827.0,110350429.0,13154.92,9156.0,120446454.0,14991.08,8605.0,128994765.0,16163.91,8788.0,142052837.0,17519.36,8936.0,156552450.0,17967.09,9067.0,162908150.0,18907.54,9126.0,172558517.0
17410,Snoqualmie Valley,9441.31,6388.0,60314776.0,10448.94,6643.0,69414073.0,10639.29,7058.0,75093051.0,11410.62,7134.0,81403132.0,13586.73,7155.0,97208013.0,13633.55,7337.0,100035870.0,15167.87,6921.0,104974543.0,16009.12,7120.0,113981231.0,17441.5,7080.0,123490024.0,17753.04,7142.0,126800200.0,18635.14,7130.0,132859775.0
17411,Issaquah,9869.63,18734.0,184895791.0,10741.07,19310.0,207405162.0,10582.84,20477.0,216709255.0,11745.63,20914.0,245650861.0,13877.97,20890.0,289906292.0,14461.42,21247.0,307259124.0,15815.53,20020.0,316623191.0,16958.07,19475.0,330265755.0,17558.26,19448.0,341464341.0,18502.77,19333.0,357717915.0,20181.55,18989.0,383233960.0
17412,Shoreline,10867.25,8979.0,97580057.0,11552.41,9343.0,107937901.0,12035.59,9651.0,116150340.0,12925.2,9814.0,126848269.0,15438.07,9751.0,150531197.0,16210.12,9851.0,159681488.0,15900.42,9384.0,149215094.0,17751.09,9166.0,162704199.0,18114.44,9253.0,167618200.0,18284.45,9294.0,169927237.0,19039.37,9393.0,178834369.0
17414,Lake Washington,9952.14,26275.0,261496344.0,10475.48,27516.0,288241774.0,10582.59,29594.0,313185436.0,11727.91,30315.0,355527166.0,13210.75,30812.0,407044601.0,13532.99,31986.0,432860666.0,14934.22,30904.0,461523257.0,16328.38,30862.0,503932109.0,17232.65,30853.0,531686687.0,17599.51,30929.0,544342990.0,18776.46,30941.0,580969464.0
17415,Kent,10895.65,27164.0,295973225.0,11851.84,27485.0,325746079.0,12215.17,27772.0,339237635.0,12329.29,27753.0,342170820.0,13340.82,27185.0,362670582.0,13937.99,27271.0,380109753.0,16004.9,25587.0,409514918.0,17749.1,24966.0,443121922.0,19406.26,25520.0,495240293.0,20136.76,25728.0,518075071.0,20923.22,25664.0,536981128.0
17417,Northshore,10305.24,20245.0,208627878.0,10854.67,20673.0,224393821.0,11242.7,21659.0,243504425.0,12264.4,22601.0,277183096.0,13962.46,23254.0,324678368.0,14645.35,23610.0,345773092.0,15765.61,22897.0,360979989.0,17327.23,22619.0,391916263.0,18745.46,22645.0,424498678.0,18747.62,22710.0,425765156.0,19272.54,22391.0,431535452.0
17901,First Place Charter,20348.41,83.0,1686883.0,,,,,,,,,,,,,,,,,,,,,,,,,,,,,,
17902,Summit Sierra Charter,,,,,,,15198.48,186.0,2823878.0,14155.82,296.0,4184178.0,14859.64,378.0,5622589.0,16266.79,323.0,5257101.0,14133.85,379.0,5353903.0,17414.25,303.0,5280524.0,21535.89,237.0,5113266.0,20963.57,222.0,4650767.0,22980.04,211.0,4858901.0
17903,Muckleshoot Tribal,5703.14,385.0,2195024.0,7069.37,417.0,2945735.0,9513.05,465.0,4424141.0,9144.27,490.0,4482339.0,10965.37,523.0,5739492.0,12579.29,532.0,6687403.0,11340.49,558.0,6323345.0,15424.94,535.0,8245094.0,17001.23,551.0,9367336.0,18171.91,533.0,9678721.0,18897.2,464.0,8771323.0
17905,Summit Atlas Charter,,,,,,,,,,22856.65,168.0,3846774.0,17232.07,330.0,5690029.0,15401.19,429.0,6613424.0,15357.67,466.0,7150530.0,19077.02,450.0,8582372.0,18119.49,469.0,8502025.0,18773.08,534.0,10031582.0,21757.88,567.0,12332368.0
17906,Green Dot Excel Charter,,,,,,,15080.5,169.0,2550112.0,22286.62,164.0,3655006.0,20170.95,172.0,3469403.0,,,,,,,,,,,,,,,,,,
17908,Rainier Prep Charter,,,,,,,11538.86,244.0,2818942.0,10186.39,328.0,3340116.0,11785.81,334.0,3930566.0,11951.05,345.0,4125502.0,13948.05,344.0,4793944.0,16947.3,328.0,5560409.0,19426.74,332.0,6457449.0,21731.23,331.0,7197384.0,19463.97,359.0,6981727.0
17910,RVLA Charter,,,,,,,,,,32034.91,105.0,3360462.0,20295.9,250.0,5073974.0,31521.72,238.0,7495235.0,25658.04,163.0,4189958.0,32745.03,156.0,5121323.0,41253.74,145.0,5980967.0,41516.12,151.0,6259800.0,44790.65,123.0,5492677.0
17911,Impact Puget Sound Charter,,,,,,,,,,,,,14913.06,178.0,2647069.0,14620.99,272.0,3974131.0,13111.76,408.0,5344353.0,15408.96,582.0,8969558.0,15660.78,594.0,9302506.0,19909.8,482.0,9598515.0,18758.97,494.0,9259430.0
17916,Impact Salish Sea Charter,,,,,,,,,,,,,,,,,,,16583.37,124.0,2059655.0,15821.36,277.0,4384099.0,16480.37,333.0,5481370.0,18602.52,312.0,5796546.0,17789.75,384.0,6834821.0
17917,Why Not You Charter,,,,,,,,,,,,,,,,,,,,,,36409.61,100.0,3633679.0,30759.96,142.0,4353457.0,24503.63,164.0,4014430.0,26944.84,142.0,3832095.0
17919,Impact Black River Charter,,,,,,,,,,,,,,,,,,,,,,,,,,,,25787.71,124.0,3207991.0,25014.87,201.0,5027988.0
18100,Bremerton,10812.7,5307.0,57379426.0,11576.16,5373.0,62200655.0,12349.81,5219.0,64452436.0,13098.01,5255.0,68831483.0,15310.23,5212.0,79797246.0,15865.42,5146.0,81640765.0,17494.99,4665.0,81618524.0,19256.19,4636.0,89276695.0,20168.84,4597.0,92707666.0,20712.29,4547.0,94177554.0,22147.96,4566.0,101132460.0
18303,Bainbridge,10432.8,3762.0,39252146.0,11285.74,3770.0,42544307.0,11480.42,3844.0,44126819.0,12099.38,3881.0,46954313.0,14324.09,3815.0,54645533.0,14628.29,3822.0,55905377.0,15860.83,3608.0,57232205.0,16325.53,3606.0,58867084.0,17902.38,3541.0,63390343.0,18669.95,3501.0,65367048.0,19836.93,3488.0,69193786.0
18400,North Kitsap,10718.77,5860.0,62813592.0,11732.61,6014.0,70558505.0,12224.32,5916.0,72322969.0,12877.13,5992.0,77160418.0,14598.53,5973.0,87201980.0,14239.51,5993.0,85336819.0,16354.85,5391.0,88175694.0,17821.03,5461.0,97324008.0,18637.39,5371.0,100107545.0,18821.41,5369.0,101057803.0,20487.84,5297.0,108516278.0
18401,Central Kitsap,10579.07,10803.0,114287209.0,11288.93,11074.0,125007968.0,11980.22,11272.0,135035220.0,12458.58,11499.0,143260705.0,14598.45,11558.0,168726703.0,14434.11,11942.0,172378903.0,14755.66,11062.0,163224022.0,16383.43,11252.0,184342456.0,17655.71,11118.0,196304520.0,17850.08,11028.0,196856950.0,18697.82,11067.0,206923893.0
18402,South Kitsap,10006.05,9383.0,93886335.0,10653.69,9746.0,103829141.0,11204.39,9957.0,111561118.0,12431.61,10025.0,124620964.0,14600.93,9918.0,144810980.0,15018.53,10139.0,152271648.0,16241.87,9978.0,162061885.0,17721.16,9740.0,172595235.0,18712.49,9111.0,170489089.0,18689.26,9304.0,173877009.0,20463.38,9289.0,190091280.0
18901,Catalyst Charter,,,,,,,,,,,,,,,,,,,16834.01,165.0,2784345.0,15790.35,298.0,4703944.0,15034.87,439.0,6600306.0,16633.25,481.0,8000926.0,19591.56,501.0,9812431.0
18902,Suquamish (Chief Kitsap) Tribal,19241.06,76.0,1470979.0,21601.46,79.0,1696147.0,24870.88,72.0,1796672.0,21143.4,71.0,1500547.0,26695.4,81.0,2168734.0,27901.67,83.0,2307468.0,26986.57,88.0,2378596.0,24085.24,84.0,2028941.0,31924.38,76.0,2434873.0,38363.17,75.0,2868031.0,38554.3,76.0,2920874.0
19007,Damman,12165.57,38.0,456452.0,14596.85,35.0,508262.0,14585.13,35.0,517335.0,15335.87,34.0,519886.0,16273.48,35.0,572827.0,13639.23,36.0,485557.0,15614.65,42.0,659251.0,12230.91,42.0,513698.0,13927.18,43.0,598869.0,19996.22,44.0,887832.0,19018.82,46.0,879810.0
19028,Easton,20619.71,110.0,2277035.0,22654.3,107.0,2426275.0,21362.87,116.0,2481511.0,25431.06,108.0,2745029.0,26677.43,107.0,2845682.0,28837.57,97.0,2799263.0,31820.78,88.0,2798319.0,31268.65,91.0,2832940.0,29478.9,88.0,2592964.0,34190.49,86.0,2952349.0,37105.16,86.0,3172862.0
19400,Thorp,27635.65,93.0,2575642.0,23462.13,121.0,2830003.0,20144.74,145.0,2928038.0,19123.84,176.0,3372489.0,19409.95,197.0,3816384.0,17911.16,230.0,4122791.0,20132.78,219.0,4414111.0,22104.91,222.0,4918341.0,22094.75,255.0,5625323.0,22347.33,259.0,5787288.0,29574.58,251.0,7420557.0
19401,Ellensburg,9512.31,3043.0,28946159.0,10017.8,3275.0,32807482.0,10315.54,3361.0,34670225.0,11518.22,3378.0,38911419.0,13177.72,3368.0,44386373.0,13285.16,3408.0,45281143.0,14572.3,3165.0,46117105.0,14826.39,3264.0,48386668.0,16312.63,3242.0,52890942.0,16797.44,3308.0,55562907.0,17387.18,3323.0,57778656.0
19403,Kittitas,10421.1,669.0,6975153.0,11226.62,655.0,7354335.0,11890.19,653.0,7758824.0,11894.81,696.0,8279741.0,13986.85,691.0,9665614.0,14491.75,678.0,9831781.0,14724.11,617.0,9083303.0,16784.9,593.0,9956636.0,17799.01,604.0,10758610.0,18675.24,581.0,10849381.0,17948.16,579.0,10396114.0
19404,Cle Elum-Roslyn,9875.31,904.0,8923725.0,11188.5,899.0,10054097.0,11528.17,887.0,10228024.0,12071.3,920.0,11110545.0,13934.49,884.0,12313912.0,13241.11,921.0,12199959.0,14554.93,853.0,12418702.0,16720.84,895.0,14960639.0,16993.42,932.0,15831235.0,18189.63,957.0,17404203.0,18712.05,985.0,18428941.0
20094,Wishram,20482.53,86.0,1753714.0,23749.55,77.0,1826341.0,22150.54,80.0,1778024.0,28652.83,66.0,1901975.0,34065.22,67.0,2295655.0,34212.25,68.0,2319590.0,33036.02,67.0,2209119.0,40196.64,60.0,2412603.0,37379.81,69.0,2585187.0,26706.1,100.0,2682094.0,33065.64,92.0,3031458.0
20203,Bickleton,20996.03,87.0,1826654.0,21310.8,83.0,1771993.0,23318.31,92.0,2142952.0,18160.99,119.0,2153893.0,20936.49,118.0,2468412.0,21994.85,120.0,2637403.0,25542.9,108.0,2745861.0,23393.34,113.0,2636429.0,28200.25,103.0,2901806.0,30072.51,99.0,2979284.0,32125.31,93.0,2987012.0
20215,Centerville,14016.79,75.0,1057566.0,15248.87,80.0,1224485.0,13765.46,89.0,1221547.0,16147.12,91.0,1463252.0,17242.3,86.0,1484562.0,16321.86,85.0,1388827.0,16508.97,87.0,1439582.0,17967.69,86.0,1550612.0,18065.05,96.0,1732438.0,20385.05,90.0,1840770.0,20259.78,89.0,1801094.0
20400,Trout Lake,13257.81,217.0,2875195.0,14312.26,216.0,3093023.0,13736.36,226.0,3110186.0,13873.5,241.0,3339075.0,15479.61,232.0,3597615.0,15718.19,225.0,3541309.0,18408.82,186.0,3424777.0,20256.16,186.0,3777571.0,20933.49,193.0,4047700.0,20893.83,205.0,4285534.0,21897.74,213.0,4655679.0
20401,Glenwood,29287.36,64.0,1886751.0,29262.77,66.0,1941585.0,28806.56,72.0,2059669.0,27574.24,76.0,2098951.0,26818.99,80.0,2136401.0,33901.56,65.0,2218179.0,37741.49,61.0,2309779.0,53434.11,51.0,2718728.0,49131.52,58.0,2873211.0,47010.15,62.0,2895825.0,50400.69,54.0,2706517.0
20402,Klickitat,28497.97,78.0,2230251.0,30415.99,69.0,2099007.0,31520.88,71.0,2233254.0,32526.15,71.0,2314886.0,30840.54,86.0,2667398.0,33803.12,80.0,2707630.0,33198.35,74.0,2458338.0,28762.17,95.0,2722915.0,32140.46,92.0,2965601.0,35726.41,86.0,3067112.0,41798.82,74.0,3082663.0
20403,Roosevelt,18767.21,27.0,514222.0,18526.53,26.0,483543.0,16401.64,28.0,455966.0,19821.66,24.0,485631.0,26458.9,22.0,582096.0,20798.84,32.0,664523.0,21379.8,37.0,797466.0,25804.42,34.0,879931.0,34340.16,26.0,903146.0,31445.7,27.0,852179.0,30195.02,25.0,745817.0
20404,Goldendale,12219.82,907.0,11080075.0,12867.15,915.0,11767138.0,12793.75,934.0,11944627.0,13775.74,960.0,13221813.0,14894.11,942.0,14035320.0,14619.91,906.0,13239204.0,12079.08,2189.0,26442668.0,12623.57,2283.0,28820881.0,13053.53,2915.0,38047770.0,14047.66,2934.0,41219479.0,14460.61,2950.0,42664429.0
20405,White Salmon,11127.07,1230.0,13685078.0,11705.87,1253.0,14672846.0,11825.79,1260.0,14896119.0,12700.42,1272.0,16160906.0,13509.43,1268.0,17136579.0,14298.42,1243.0,17774504.0,15220.25,1126.0,17131916.0,17992.59,1103.0,19848351.0,19610.37,1100.0,21571216.0,19118.4,1084.0,20729698.0,20329.88,1097.0,22296588.0
20406,Lyle,16082.7,234.0,3756919.0,16603.65,241.0,3993843.0,15937.61,229.0,3643337.0,17189.1,244.0,4192249.0,16569.03,245.0,4063556.0,16475.22,243.0,4000183.0,18872.42,209.0,3938863.0,21125.89,205.0,4334188.0,26234.25,204.0,5344179.0,27437.2,200.0,5496219.0,26366.34,190.0,5003541.0
21014,Napavine,9583.57,759.0,7277761.0,10390.47,793.0,8243798.0,10933.98,810.0,8861005.0,11455.01,839.0,9609496.0,12347.74,830.0,10252204.0,12389.96,844.0,10451429.0,13887.97,779.0,10814143.0,14905.24,781.0,11639053.0,15234.09,812.0,12376174.0,14690.45,820.0,12042346.0,16369.36,837.0,13708847.0
21036,Evaline,15281.2,35.0,538662.0,12564.36,49.0,613392.0,13763.9,52.0,716136.0,13217.6,57.0,750759.0,17807.23,57.0,1013053.0,19279.38,52.0,1002913.0,20091.82,52.0,1050802.0,25713.01,46.0,1190255.0,23650.72,56.0,1322075.0,22677.52,59.0,1335706.0,23297.24,54.0,1253391.0
21206,Mossyrock,11152.43,521.0,5807402.0,12087.75,523.0,6324672.0,11865.24,525.0,6234592.0,13108.5,534.0,6996924.0,14508.72,538.0,7802791.0,14736.18,575.0,8469914.0,15563.58,559.0,8698174.0,15421.29,578.0,8919673.0,15836.66,599.0,9492651.0,17579.35,621.0,10917655.0,18970.05,645.0,12243078.0
21214,Morton,12946.5,313.0,4056008.0,13632.1,319.0,4354638.0,13633.86,328.0,4468499.0,15175.3,315.0,4776275.0,15564.26,326.0,5079708.0,15996.9,354.0,5667861.0,18715.53,319.0,5975683.0,18392.39,396.0,7290007.0,20849.89,418.0,8706913.0,20155.5,440.0,8875674.0,21829.94,435.0,9505628.0
21226,Adna,10027.28,592.0,5932942.0,10446.75,617.0,6445542.0,10587.31,647.0,6854436.0,11460.88,650.0,7445449.0,13011.23,634.0,8251590.0,13209.57,651.0,8604188.0,14552.55,596.0,8674191.0,15477.26,619.0,9580426.0,15421.68,643.0,9923231.0,16095.1,634.0,10209444.0,17746.96,629.0,11159465.0
21232,Winlock,10985.17,661.0,7265483.0,12177.44,670.0,8161074.0,12874.46,685.0,8823126.0,13041.63,722.0,9409800.0,14073.56,728.0,10243020.0,15064.76,695.0,10469557.0,15893.26,696.0,11055826.0,17892.82,746.0,13350188.0,17978.33,801.0,14402441.0,15868.07,815.0,12929619.0,23054.07,773.0,17821255.0
21234,Boistfort,14958.26,91.0,1354919.0,14112.64,93.0,1308948.0,15537.18,100.0,1552786.0,16776.51,91.0,1524649.0,16323.2,99.0,1611100.0,18256.53,93.0,1695302.0,22274.06,86.0,1910669.0,20668.71,88.0,1826081.0,25003.28,77.0,1934754.0,13792.81,331.0,4563627.0,17428.97,297.0,5170477.0
21237,Toledo,10059.2,747.0,7517544.0,10588.85,754.0,7988548.0,10924.19,787.0,8602148.0,11913.58,813.0,9686455.0,13728.31,821.0,11277121.0,13536.93,839.0,11362085.0,15147.12,789.0,11956072.0,16651.32,805.0,13409639.0,17623.34,838.0,14774353.0,16936.73,860.0,14563552.0,17150.73,913.0,15661877.0
21300,Onalaska,10225.23,744.0,7611965.0,11177.51,755.0,8439578.0,11613.37,797.0,9250169.0,11967.55,842.0,10075955.0,13312.12,818.0,10883460.0,13900.1,833.0,11573359.0,14701.07,828.0,12177334.0,15244.0,802.0,12220502.0,16483.52,849.0,13999126.0,17145.58,859.0,14730114.0,17415.48,881.0,15345478.0
21301,Pe Ell,14960.77,257.0,3851651.0,13885.96,277.0,3841690.0,15039.87,275.0,4132656.0,16997.09,259.0,4402076.0,18373.95,269.0,4945532.0,19441.2,268.0,5207520.0,20763.86,254.0,5266339.0,20264.73,253.0,5132042.0,22000.46,268.0,5905584.0,21842.43,275.0,6012567.0,21838.94,283.0,6170593.0
21302,Chehalis,10847.07,2985.0,32382616.0,11274.03,3015.0,33994118.0,11857.44,3038.0,36025862.0,12775.83,3042.0,38863828.0,13818.34,3122.0,43144323.0,14097.56,3170.0,44692368.0,15241.48,3047.0,46442007.0,16803.26,3033.0,50959247.0,18083.57,3007.0,54372400.0,17895.66,3105.0,55572994.0,17993.17,3140.0,56506283.0
21303,White Pass,12739.52,428.0,5450656.0,13267.98,445.0,5897751.0,13840.49,424.0,5861447.0,14829.57,404.0,5989069.0,16497.66,391.0,6450254.0,17567.07,374.0,6563410.0,20895.89,341.0,7123617.0,21670.6,322.0,6973815.0,21518.35,356.0,7661178.0,23589.7,336.0,7933453.0,22609.35,353.0,7976805.0
21401,Centralia,10096.6,3675.0,37107313.0,11267.74,3655.0,41179978.0,11962.94,3668.0,43884473.0,13184.97,3591.0,47344739.0,14888.39,3516.0,52348484.0,14860.57,3559.0,52888306.0,13632.75,3359.0,45794058.0,15401.07,3391.0,52229493.0,17867.91,3442.0,61508670.0,18014.27,3389.0,61044772.0,18063.72,3341.0,60348895.0
22008,Sprague,26580.0,66.0,1741522.0,29307.06,62.0,1817038.0,27635.09,70.0,1940536.0,28229.5,72.0,2037041.0,27462.53,78.0,2155809.0,30798.23,75.0,2317875.0,32010.86,77.0,2454593.0,34537.9,72.0,2487419.0,39288.61,66.0,2589119.0,44789.34,62.0,2785449.0,58170.41,48.0,2817775.0
22009,Reardan,11649.83,574.0,6691428.0,12526.9,550.0,6890546.0,12269.67,571.0,7010275.0,12200.64,609.0,7427991.0,13488.21,605.0,8165761.0,13238.62,656.0,8680828.0,13946.27,688.0,9593360.0,14833.21,725.0,10757340.0,16500.7,738.0,12174879.0,16703.66,730.0,12201353.0,18060.42,712.0,12855589.0
22017,Almira,27527.81,77.0,2120743.0,29269.49,73.0,2128477.0,28514.64,76.0,2169964.0,26965.89,83.0,2236012.0,26948.08,87.0,2338554.0,24906.82,96.0,2380344.0,25826.58,90.0,2319227.0,28482.53,97.0,2771920.0,25694.94,106.0,2723149.0,31405.84,102.0,3214073.0,30410.2,108.0,3290992.0
22073,Creston,23828.69,95.0,2267300.0,27375.61,86.0,2354850.0,25689.46,91.0,2337997.0,27044.97,89.0,2396455.0,29813.89,94.0,2807276.0,31060.19,89.0,2775228.0,32344.03,84.0,2725631.0,33487.1,88.0,2934810.0,34016.18,98.0,3348213.0,41205.32,87.0,3568380.0,51042.2,73.0,3737310.0
22105,Odessa,16265.66,216.0,3515497.0,16080.91,231.0,3714207.0,15237.56,239.0,3638882.0,16004.61,248.0,3963862.0,17340.25,251.0,4352228.0,18608.56,231.0,4294484.0,21187.97,209.0,4423625.0,21883.01,222.0,4866563.0,22269.15,218.0,4848663.0,24033.5,214.0,5142928.0,24753.11,216.0,5349890.0
22200,Wilbur,13979.15,275.0,3838255.0,14815.14,275.0,4067794.0,15257.15,272.0,4155439.0,15992.82,260.0,4150298.0,16503.63,244.0,4031507.0,16979.13,226.0,3844585.0,18087.4,221.0,3995144.0,18943.05,222.0,4212176.0,21296.1,219.0,4664910.0,20508.93,226.0,4627839.0,20825.48,226.0,4712182.0
22204,Harrington,26227.71,92.0,2422916.0,28230.12,94.0,2649679.0,22734.92,116.0,2640434.0,23348.92,130.0,3040263.0,25269.64,124.0,3139500.0,25884.58,129.0,3326945.0,28930.84,120.0,3485298.0,32424.93,114.0,3691578.0,29480.22,131.0,3850117.0,34116.23,114.0,3891297.0,34332.66,116.0,3991171.0
22207,Davenport,11095.98,592.0,6570976.0,12291.36,602.0,7403821.0,12317.38,602.0,7411123.0,13526.19,591.0,7987758.0,14555.84,560.0,8156217.0,15019.48,564.0,8466780.0,16247.78,541.0,8795899.0,17288.86,574.0,9929859.0,18339.45,613.0,11240063.0,16690.92,642.0,10716737.0,16111.24,680.0,10953872.0
23042,Southside,10853.19,184.0,1995358.0,11548.77,192.0,2213900.0,11617.88,221.0,2564066.0,12705.3,216.0,2737993.0,13581.82,215.0,2913300.0,15081.08,202.0,3048037.0,15772.04,202.0,3187530.0,18436.79,200.0,3679984.0,18753.76,196.0,3668235.0,19996.46,213.0,4267244.0,19785.0,218.0,4320252.0
23054,Grapeview,10219.74,209.0,2131736.0,10371.77,222.0,2306579.0,11809.3,218.0,2577026.0,12354.45,221.0,2726258.0,14777.41,218.0,3221031.0,15471.56,208.0,3220406.0,15790.39,195.0,3085441.0,17846.67,215.0,3829895.0,17221.06,239.0,4112389.0,18232.26,233.0,4251762.0,19170.58,227.0,4348654.0
23309,Shelton,10978.5,4250.0,46658716.0,11690.31,4380.0,51198668.0,12115.42,4448.0,53885745.0,13463.25,4494.0,60502085.0,14584.35,4545.0,66280622.0,14192.15,4663.0,66172723.0,15331.78,4355.0,66776628.0,16847.56,4326.0,72880173.0,17987.02,4455.0,80123890.0,18700.28,4538.0,84871224.0,18542.2,4455.0,82610304.0
23311,Mary M Knight,16819.97,178.0,2997824.0,18691.07,158.0,2944404.0,10634.27,580.0,6170005.0,9040.17,1133.0,10241517.0,10245.25,1722.0,17645196.0,10783.47,1738.0,18744266.0,11050.25,2070.0,22875903.0,12489.61,1409.0,17596867.0,14310.19,1007.0,14415373.0,15589.22,878.0,13690608.0,17540.14,754.0,13218603.0
23402,Pioneer,12140.59,696.0,8448880.0,12787.38,701.0,8965869.0,12750.51,734.0,9353138.0,13934.39,777.0,10830926.0,15358.5,771.0,11840787.0,16254.32,772.0,12548499.0,17480.72,660.0,11530460.0,17501.68,709.0,12409040.0,20843.58,765.0,15942003.0,22810.18,754.0,17200013.0,19298.25,735.0,14184022.0
23403,North Mason,10571.28,2079.0,21978854.0,11287.94,2166.0,24453734.0,11394.84,2191.0,24961888.0,12628.11,2243.0,28318797.0,14430.38,2322.0,33510384.0,14815.2,2388.0,35378101.0,14286.72,2241.0,32023112.0,16063.42,2268.0,36437769.0,17632.22,2286.0,40308850.0,18519.86,2329.0,43127580.0,18706.78,2332.0,43632826.0
23404,Hood Canal,14708.02,321.0,4717450.0,17043.12,314.0,5347959.0,18971.67,319.0,6042856.0,19928.57,311.0,6205359.0,20671.98,303.0,6258648.0,22256.97,319.0,7110211.0,21932.11,295.0,6467123.0,24176.35,309.0,7480645.0,23569.52,330.0,7770165.0,24897.87,328.0,8177953.0,27209.13,325.0,8830994.0
24014,Nespelem,26867.96,119.0,3205079.0,28238.4,120.0,3400750.0,28183.54,133.0,3741365.0,26744.74,137.0,3676867.0,27214.4,146.0,3982555.0,28724.67,140.0,4007667.0,27782.91,135.0,3760973.0,32957.71,131.0,4310209.0,36651.67,127.0,4652196.0,43022.22,133.0,5723677.0,32295.09,182.0,5881904.0
24019,Omak,8423.21,4848.0,40835548.0,9070.44,5328.0,48325306.0,9443.16,5168.0,48798116.0,10089.4,5108.0,51535225.0,11672.01,5432.0,63403511.0,12043.59,5416.0,65231189.0,11149.32,7776.0,86692086.0,13857.87,6480.0,89802162.0,13912.37,5908.0,82187742.0,14454.07,5861.0,84708957.0,15213.77,6001.0,91299655.0
24105,Okanogan,10111.14,1100.0,11123465.0,10496.34,1162.0,12200415.0,11112.23,1135.0,12611273.0,11834.41,1141.0,13498449.0,12744.0,1141.0,14538104.0,13401.69,1176.0,15756097.0,14392.23,1095.0,15764102.0,16922.67,1060.0,17945813.0,17969.46,1076.0,19332806.0,18678.55,1069.0,19971297.0,18550.98,1083.0,20086078.0
24111,Brewster,11183.52,994.0,11117484.0,11809.15,981.0,11589264.0,12397.86,950.0,11777104.0,12224.37,987.0,12060808.0,13932.79,981.0,13673917.0,13788.39,987.0,13612868.0,14269.39,949.0,13538651.0,17287.75,974.0,16830487.0,16713.97,988.0,16510730.0,16529.73,1017.0,16802970.0,17847.16,988.0,17625316.0
24122,Pateros,19341.97,293.0,5672034.0,14921.36,292.0,4352264.0,16001.14,308.0,4934912.0,15637.65,320.0,5001389.0,17594.67,314.0,5521736.0,18009.38,311.0,5598396.0,18153.46,300.0,5448217.0,19809.28,297.0,5880384.0,21891.13,263.0,5765466.0,22753.68,235.0,5344612.0,22946.89,233.0,5342036.0
24350,Methow Valley,11887.36,592.0,7036606.0,13096.59,596.0,7803603.0,13535.67,612.0,8287890.0,13614.76,643.0,8754834.0,13919.89,691.0,9615305.0,15097.36,696.0,10501119.0,16650.63,680.0,11322429.0,17605.16,717.0,12630999.0,18874.78,737.0,13905048.0,18661.62,752.0,14032975.0,17641.72,770.0,13591707.0
24404,Tonasket,10662.58,1113.0,11862505.0,11041.48,1144.0,12632667.0,11615.35,1163.0,13510399.0,12650.95,1154.0,14601981.0,14218.54,1135.0,16141308.0,14054.57,1131.0,15900077.0,15219.75,1116.0,16990568.0,16811.04,1138.0,19123058.0,17197.8,1132.0,19467912.0,18195.66,1105.0,20110566.0,19168.69,1062.0,20359638.0
24410,Oroville,11543.73,575.0,6643299.0,12987.73,554.0,7200919.0,12797.82,583.0,7458315.0,13193.57,604.0,7974983.0,15631.23,565.0,8828520.0,15352.31,568.0,8717347.0,16559.89,531.0,8795456.0,20559.3,512.0,10516698.0,20954.73,509.0,10656527.0,24856.58,493.0,12244600.0,20913.03,527.0,11023675.0
24915,Paschal Sherman Tribal,,,,,,,,,,,,,,,,,,,,,,,,,,,,20143.96,170.0,3424473.0,27081.53,150.0,4073875.0
25101,Ocean Beach,12747.34,975.0,12426235.0,13638.85,996.0,13587018.0,14111.65,1028.0,14503532.0,14877.94,1025.0,15252119.0,16325.31,1026.0,16747809.0,16282.14,1043.0,16988623.0,16188.22,1001.0,16208130.0,18700.71,1017.0,19021614.0,19475.8,1014.0,19754303.0,19889.13,992.0,19737378.0,22051.03,957.0,21099531.0
25116,Raymond,11116.27,649.0,7215796.0,12417.1,618.0,7678611.0,12494.94,606.0,7571307.0,13528.13,589.0,7968613.0,16222.51,543.0,8804116.0,15908.29,554.0,8818285.0,18379.24,533.0,9798342.0,19403.56,516.0,10011269.0,20392.78,483.0,9859296.0,19768.01,500.0,9890529.0,19713.61,482.0,9508664.0
25118,South Bend,12766.08,582.0,7432924.0,12956.82,625.0,8094642.0,13236.85,627.0,8297783.0,14337.63,627.0,8993706.0,16686.27,586.0,9774649.0,17778.2,570.0,10136950.0,18052.24,584.0,10547382.0,21331.72,561.0,11958133.0,22185.73,568.0,12600832.0,24044.21,545.0,13108182.0,15783.51,1381.0,21800344.0
25155,Naselle Grays Riv,13275.93,398.0,5279837.0,13302.99,426.0,5663351.0,13140.06,442.0,5813423.0,14103.28,439.0,6192891.0,16183.1,398.0,6434560.0,17296.25,400.0,6915039.0,19138.06,364.0,6963000.0,19702.05,363.0,7147904.0,20553.14,310.0,6364690.0,21587.25,310.0,6698956.0,20671.25,318.0,6565601.0
25160,Willapa Valley,12853.81,335.0,4311167.0,13522.97,334.0,4521539.0,14284.9,335.0,4781728.0,14487.69,359.0,5206298.0,17318.57,360.0,6235550.0,18463.79,352.0,6493901.0,19774.95,349.0,6896512.0,19074.48,362.0,6903436.0,21021.5,347.0,7297194.0,21843.11,344.0,7512719.0,20712.76,355.0,7356343.0
25200,North River,29909.1,51.0,1526859.0,24469.82,66.0,1603997.0,28180.81,62.0,1744392.0,26263.17,70.0,1848927.0,32733.02,66.0,2171509.0,34315.05,67.0,2289157.0,35147.83,69.0,2427309.0,27095.66,84.0,2266010.0,37560.17,72.0,2706962.0,42920.39,58.0,2492387.0,49921.88,52.0,2603426.0
26056,Newport,11152.42,1089.0,12147549.0,11420.0,1110.0,12673576.0,11773.65,1103.0,12988569.0,12262.24,1146.0,14054858.0,13731.76,1134.0,15574426.0,13463.52,1133.0,15258068.0,15847.09,967.0,15321762.0,17587.14,1023.0,17996393.0,16934.95,1101.0,18646903.0,17259.09,1160.0,20026238.0,17370.51,1185.0,20578327.0
26059,Cusick,12786.2,265.0,3389492.0,14904.39,234.0,3494782.0,15704.94,231.0,3633494.0,16226.87,247.0,4011443.0,17711.38,248.0,4391182.0,18193.79,251.0,4566459.0,17977.28,281.0,5049457.0,18052.18,330.0,5948556.0,17856.66,361.0,6443754.0,22577.79,369.0,8328271.0,20731.51,387.0,8033253.0
26070,Selkirk,15112.31,244.0,3685953.0,15622.8,254.0,3965379.0,15397.4,266.0,4090318.0,17162.48,252.0,4316708.0,16708.57,274.0,4575976.0,17723.98,274.0,4858144.0,21255.07,235.0,4986440.0,21365.06,242.0,5174617.0,21298.25,262.0,5584188.0,23464.19,259.0,6077460.0,24687.36,256.0,6331567.0
27001,Steilacoom Hist.,10468.39,2954.0,30925183.0,10700.94,3092.0,33087403.0,10926.44,3240.0,35406154.0,11554.78,3295.0,38068487.0,13087.78,3295.0,43127774.0,13357.84,3455.0,46148121.0,15451.85,3140.0,48524370.0,16765.39,3146.0,52746926.0,17191.45,3104.0,53365689.0,16527.6,3049.0,50392336.0,17184.46,3042.0,52276319.0
27003,Puyallup,9579.67,21883.0,209632321.0,9910.9,22907.0,227028664.0,10875.3,23262.0,252976372.0,12055.82,23628.0,284854327.0,12953.61,23263.0,301333747.0,13414.77,23752.0,318626044.0,14361.86,22313.0,320455114.0,15579.81,22704.0,353719741.0,16910.13,23166.0,391733760.0,17662.56,23185.0,409507881.0,18387.73,23441.0,431024668.0
27010,Tacoma,12019.62,28877.0,347088682.0,13079.44,28909.0,378116107.0,13833.08,28857.0,399186625.0,14425.0,28964.0,417805266.0,15724.93,28929.0,454906513.0,16316.65,29045.0,473923608.0,16819.74,27454.0,461765201.0,18867.43,27450.0,517919915.0,20679.48,27173.0,561928696.0,20400.37,27509.0,561197798.0,20580.67,28161.0,579575652.0
27019,Carbonado,11357.47,177.0,2011975.0,12623.62,170.0,2147405.0,12900.92,177.0,2288108.0,14398.68,176.0,2539927.0,14820.14,178.0,2639022.0,14625.66,181.0,2652802.0,13522.42,192.0,2592653.0,17809.63,180.0,3201993.0,18080.26,181.0,3279759.0,18856.43,177.0,3338342.0,18121.65,178.0,3232902.0
27083,University Place,10351.84,5455.0,56470093.0,10552.03,5627.0,59374151.0,10653.55,5721.0,60953355.0,11989.37,5683.0,68139209.0,12659.91,5767.0,73006548.0,13392.6,5710.0,76475792.0,14515.69,5650.0,82013373.0,15749.32,5579.0,87867326.0,16119.96,5566.0,89717092.0,16727.39,5559.0,92990715.0,17265.04,5668.0,97851503.0
27320,Sumner,10958.44,8695.0,95283192.0,11317.94,9099.0,102980887.0,11722.54,9515.0,111545130.0,12508.62,9668.0,120935742.0,13235.21,9810.0,129841615.0,12946.09,10067.0,130323269.0,13974.48,9656.0,134940481.0,14530.75,9997.0,145261588.0,15836.43,10299.0,163098144.0,16701.38,10494.0,175271465.0,18003.27,10656.0,191845725.0
27343,Dieringer,11075.7,1483.0,16423598.0,12309.51,1496.0,18420930.0,13714.43,1455.0,19952582.0,14526.65,1493.0,21684663.0,14839.21,1508.0,22376039.0,15802.73,1565.0,24739021.0,18011.06,1374.0,24738908.0,18427.96,1393.0,25670705.0,19450.59,1438.0,27972084.0,20696.38,1427.0,29527520.0,20902.56,1442.0,30148390.0
27344,Orting,9605.09,2303.0,22123125.0,10039.21,2486.0,24960799.0,10431.93,2586.0,26975198.0,11617.28,2686.0,31208429.0,12317.18,2761.0,34011421.0,12759.72,2748.0,35063593.0,13795.76,2558.0,35296033.0,15755.66,2626.0,41371693.0,16006.97,2741.0,43879911.0,16217.34,2833.0,45944383.0,17429.91,2846.0,49602219.0
27400,Clover Park,11806.1,12264.0,144793399.0,12165.9,12671.0,154159242.0,12678.79,13070.0,165706839.0,13593.5,13184.0,179215450.0,15295.78,13064.0,199819152.0,15746.87,13063.0,205704490.0,16868.63,12112.0,204313542.0,18194.67,12240.0,222704810.0,20370.37,12056.0,245592159.0,21613.47,12029.0,259991428.0,22817.02,12047.0,274886723.0
27401,Peninsula,10323.43,8664.0,89440267.0,11161.72,8695.0,97048846.0,11311.53,9030.0,102147911.0,12381.53,9209.0,114025238.0,13931.2,9291.0,129437876.0,14537.66,9436.0,137179705.0,16372.75,8513.0,139387790.0,17277.35,8671.0,149811578.0,17237.52,8961.0,154472831.0,17447.17,8926.0,155731017.0,19303.29,8858.0,170994333.0
27402,Franklin Pierce,11713.72,7659.0,89711971.0,11486.36,7740.0,88901410.0,11980.23,7931.0,95014152.0,13827.01,7969.0,110185648.0,15205.02,8034.0,122162753.0,16066.7,7941.0,127582958.0,16649.95,7515.0,125131401.0,17899.32,7338.0,131348277.0,20439.35,7313.0,149469897.0,19955.79,7178.0,143239851.0,20241.96,7059.0,142897929.0
27403,Bethel,10304.26,18273.0,188285277.0,10587.91,19317.0,204529991.0,11182.07,19538.0,218473695.0,12102.7,20073.0,242937470.0,13390.96,20260.0,271303314.0,14157.63,20791.0,294345133.0,14999.55,19961.0,299412116.0,15698.21,20362.0,319649825.0,16127.73,20814.0,335683986.0,17284.54,21097.0,364645626.0,18139.71,21156.0,383761479.0
27404,Eatonville,10511.59,1844.0,19382212.0,11111.01,1966.0,21840578.0,11820.88,1967.0,23252976.0,12529.21,1894.0,23735842.0,12738.71,1938.0,24693859.0,12936.59,1981.0,25633334.0,14463.84,1824.0,26376550.0,14783.4,1914.0,28294684.0,16769.78,1973.0,33094315.0,17792.73,1981.0,35254330.0,17922.45,2014.0,36099032.0
27416,White River,10586.74,3465.0,36678496.0,10795.52,3567.0,38508584.0,10983.81,3690.0,40534759.0,11838.07,3848.0,45557518.0,13219.2,3963.0,52386636.0,13523.35,4032.0,54524679.0,13863.23,3960.0,54897844.0,14680.37,4184.0,61423989.0,15111.92,4268.0,64504917.0,15900.0,4359.0,69310019.0,17348.73,4406.0,76444233.0
27417,Fife,10300.2,3492.0,35966142.0,10593.87,3676.0,38945406.0,11096.04,3709.0,41160427.0,11764.25,3819.0,44932388.0,13190.85,3841.0,50665136.0,13698.28,3902.0,53456982.0,15263.67,3759.0,57373233.0,16960.11,3765.0,63853947.0,17613.32,3890.0,68507185.0,17787.12,3921.0,69736548.0,18762.33,3934.0,73816648.0
27901,Chief Leschi Tribal,,,,,,,,,,,,,9971.42,600.0,5982052.0,10327.17,543.0,5609512.0,11127.49,552.0,6146380.0,15822.97,578.0,9148050.0,24764.55,599.0,14830251.0,19343.76,645.0,12475756.0,19332.0,644.0,12444395.0
27902,Impact Comm Bay Charter,,,,,,,,,,,,,,,,,,,,,,16651.83,259.0,4318985.0,16535.83,326.0,5382412.0,21390.46,251.0,5360448.0,23700.74,226.0,5351627.0
27904,Green Dot Destiny Charter,,,,,,,19752.68,253.0,4989526.0,19332.95,255.0,4924102.0,23342.69,154.0,3597108.0,,,,,,,,,,,,,,,,,,
27905,Summit Olympus Charter,,,,,,,20648.0,122.0,2527315.0,20289.06,156.0,3173615.0,19609.1,188.0,3684157.0,19162.07,173.0,3324044.0,17485.3,195.0,3417326.0,21518.1,176.0,3789338.0,25798.99,151.0,3905967.0,22728.8,153.0,3482053.0,38747.05,102.0,3967698.0
27909,SOAR Academy Charter,,,,,,,14992.55,135.0,2023995.0,17739.57,158.0,2802853.0,15807.75,188.0,2971857.0,,,,,,,,,,,,,,,,,,
28010,Shaw,21828.78,15.0,318700.0,31325.09,11.0,336745.0,24828.24,10.0,235868.0,26193.01,11.0,298600.0,41428.01,8.0,343853.0,52335.26,6.0,302498.0,44989.26,8.0,373411.0,49972.17,9.0,469738.0,55136.17,9.0,496226.0,51847.18,10.0,516916.0,59630.61,7.0,422185.0
28137,Orcas,10421.07,813.0,8471082.0,11211.71,796.0,8927098.0,11916.04,792.0,9435004.0,12431.26,772.0,9601156.0,13611.07,819.0,11145155.0,14903.63,804.0,11975214.0,15702.48,768.0,12052121.0,16906.48,731.0,12365065.0,18847.37,701.0,13215213.0,18120.79,764.0,13839031.0,20016.47,786.0,15724940.0
28144,Lopez,15562.28,234.0,3634727.0,16579.4,234.0,3879083.0,17964.72,234.0,4208415.0,18510.45,246.0,4546353.0,21412.3,234.0,5019258.0,21950.94,244.0,5347029.0,21651.5,234.0,5076626.0,25778.02,243.0,6269729.0,29530.16,229.0,6756501.0,29321.87,222.0,6500952.0,34022.19,202.0,6873843.0
28149,San Juan,11444.2,761.0,8705947.0,12723.6,794.0,10099488.0,13355.1,812.0,10845006.0,14501.4,771.0,11179420.0,15872.18,784.0,12437443.0,15473.27,810.0,12536908.0,17064.93,766.0,13073611.0,17482.46,783.0,13680898.0,19590.24,783.0,15340525.0,19692.52,792.0,15602774.0,21275.67,803.0,17075426.0
29011,Concrete,12932.45,517.0,6684005.0,13305.9,530.0,7057981.0,14379.07,539.0,7747012.0,16117.7,525.0,8465336.0,18016.66,512.0,9230476.0,17929.09,516.0,9254281.0,19266.1,496.0,9565233.0,22129.12,486.0,10756082.0,23659.62,497.0,11761433.0,22908.61,532.0,12175925.0,24176.04,513.0,12404967.0
29100,Burlington Edison,11232.6,3694.0,41497957.0,12085.41,3685.0,44539697.0,12448.84,3696.0,46016655.0,14005.38,3589.0,50268800.0,15073.97,3509.0,52901200.0,15827.97,3580.0,56668722.0,17584.21,3348.0,58872632.0,19385.77,3293.0,63828807.0,21287.77,3274.0,69689545.0,20023.12,3316.0,66405675.0,23781.04,2920.0,69446351.0
29101,Sedro Woolley,10575.7,4235.0,44783336.0,11609.74,4239.0,49212541.0,12586.81,4364.0,54931975.0,13625.48,4474.0,60954397.0,15621.12,4600.0,71854197.0,16243.59,4575.0,74310366.0,16909.96,4208.0,71152559.0,18006.09,4351.0,78343059.0,18629.7,4426.0,82458023.0,19587.64,4392.0,86034406.0,20139.11,4499.0,90615537.0
29103,Anacortes,10409.96,2689.0,27990084.0,11458.81,2749.0,31504866.0,12343.17,2804.0,34613099.0,13363.32,2780.0,37144005.0,14649.16,2753.0,40329865.0,14847.16,2746.0,40773576.0,16624.29,2544.0,42296007.0,18500.24,2541.0,47003919.0,18609.56,2559.0,47630601.0,18502.27,2584.0,47806341.0,19419.17,2584.0,50171572.0
29311,La Conner,15581.78,602.0,9377270.0,16581.01,618.0,10241263.0,17571.2,571.0,10035965.0,18872.05,596.0,11254915.0,22052.63,603.0,13296411.0,20562.72,621.0,12763283.0,21400.07,607.0,12997331.0,26217.78,568.0,14898255.0,28131.28,537.0,15098337.0,25759.72,507.0,13060179.0,29017.54,475.0,13771142.0
29317,Conway,11003.71,424.0,4669206.0,11785.81,419.0,4942145.0,12325.07,438.0,5394437.0,13181.76,443.0,5845318.0,14448.71,446.0,6446005.0,14039.84,465.0,6523890.0,14352.64,452.0,6484954.0,15869.69,454.0,7207535.0,18065.53,438.0,7911256.0,17876.46,427.0,7626814.0,19610.06,424.0,8311724.0
29320,Mt Vernon,10915.81,6760.0,73788442.0,11829.21,6811.0,80572417.0,12637.26,6845.0,86505229.0,13448.47,6965.0,93674528.0,15091.84,6965.0,105117694.0,15334.66,6994.0,107255400.0,16789.84,6650.0,111648554.0,18840.92,6682.0,125894252.0,19403.86,6795.0,131842074.0,20067.68,6765.0,135760692.0,21188.51,6656.0,141040699.0
30002,Skamania,11907.34,83.0,987119.0,14589.32,74.0,1073190.0,13135.62,85.0,1115214.0,14546.74,86.0,1258293.0,16566.29,83.0,1370363.0,18545.98,72.0,1338649.0,20105.22,63.0,1268640.0,24370.09,63.0,1545064.0,23253.18,74.0,1721898.0,22301.53,82.0,1831848.0,18947.85,110.0,2093358.0
30029,Mount Pleasant,11882.23,58.0,684417.0,14243.24,53.0,749907.0,13435.64,62.0,830323.0,13278.85,64.0,843207.0,15114.29,64.0,959757.0,15366.36,65.0,995740.0,14794.89,66.0,969066.0,19597.81,59.0,1154311.0,16665.08,68.0,1141558.0,18116.42,66.0,1195684.0,19304.83,72.0,1386473.0
30031,Mill A,26595.76,20.0,522607.0,27177.97,20.0,541929.0,32676.1,19.0,614311.0,50159.84,30.0,1493760.0,42901.88,43.0,1854219.0,40565.79,51.0,2048978.0,53214.26,41.0,2198281.0,42345.27,53.0,2233713.0,35217.13,68.0,2396526.0,35187.24,68.0,2383584.0,42204.01,59.0,2479064.0
30303,Stevenson-Carson,12609.22,888.0,11195980.0,13095.78,892.0,11684712.0,13063.86,911.0,11907451.0,13703.98,883.0,12096500.0,15399.39,906.0,13958625.0,15086.96,895.0,13507206.0,17086.09,820.0,14010423.0,19372.71,781.0,15129117.0,19179.0,818.0,15683438.0,20155.51,795.0,16023431.0,21177.49,743.0,15737631.0
31002,Everett,11034.6,18951.0,209120091.0,11665.14,19604.0,228677937.0,12225.28,20106.0,245804067.0,13447.38,20285.0,272774595.0,15215.84,20505.0,311993854.0,15622.25,20763.0,324372372.0,16548.6,19909.0,329461498.0,18237.6,19970.0,364206231.0,18963.58,19998.0,379239523.0,19338.05,20038.0,387499918.0,20515.66,20228.0,414998853.0
31004,Lake Stevens,10007.16,8062.0,80680036.0,10575.42,8384.0,88667001.0,10821.58,8772.0,94930755.0,11942.97,8873.0,105966786.0,13471.12,9108.0,122694586.0,13880.91,9443.0,131076053.0,14910.63,8935.0,133232417.0,15822.47,9401.0,148744018.0,17062.42,9541.0,162789104.0,17337.99,9633.0,167022572.0,18207.14,9985.0,181795043.0
31006,Mukilteo,10518.83,15082.0,158647227.0,11489.38,15388.0,176795472.0,11949.8,15580.0,186177242.0,12976.77,15980.0,207367372.0,14403.07,16068.0,231421426.0,16232.52,16087.0,261130186.0,17307.99,15386.0,266295408.0,19203.76,15247.0,292791136.0,20001.59,15397.0,307973754.0,19605.75,15498.0,303850288.0,20605.91,15450.0,318358169.0
31015,Edmonds,10957.56,20099.0,220238039.0,11627.34,20663.0,240251684.0,12071.85,21080.0,254476893.0,13302.04,21046.0,279955285.0,15184.68,21105.0,320472217.0,15256.62,21430.0,326953733.0,16411.55,20430.0,335288490.0,17843.01,20312.0,362424117.0,19300.98,20228.0,390418752.0,19506.66,20443.0,398773721.0,20077.1,20579.0,413157295.0
31016,Arlington,10361.27,5270.0,54606048.0,10992.06,5431.0,59695353.0,11595.02,5449.0,63176039.0,12169.97,5572.0,67807158.0,13553.24,5681.0,76995402.0,14196.64,5772.0,81942032.0,15660.08,5292.0,82879248.0,16894.98,5383.0,90945161.0,17254.61,5486.0,94650686.0,17647.86,5549.0,97933631.0,17973.75,5645.0,101469008.0
31025,Marysville,11422.88,10961.0,125202545.0,12222.23,11068.0,135280187.0,12520.16,11092.0,138870120.0,13572.41,10985.0,149098247.0,15267.68,10834.0,165405635.0,16495.56,10676.0,176099331.0,16804.22,10026.0,168480822.0,18970.26,10000.0,189701492.0,19291.63,9993.0,192776276.0,19795.25,9596.0,189957748.0,20477.47,9395.0,192389943.0
31063,Index,19056.59,39.0,752545.0,20527.11,41.0,837711.0,30108.22,34.0,1034217.0,24845.68,34.0,852207.0,32705.85,30.0,979540.0,36647.88,29.0,1056558.0,38611.0,24.0,937475.0,43318.93,25.0,1069111.0,61805.4,19.0,1173067.0,40338.71,24.0,967322.0,32222.44,33.0,1061085.0
31103,Monroe,9972.26,6897.0,68778699.0,11026.62,6669.0,73536979.0,10985.37,6805.0,74754156.0,11562.22,6830.0,78965943.0,13616.32,6713.0,91403628.0,14063.41,6628.0,93206952.0,14955.27,6021.0,90045360.0,17042.5,5832.0,99386725.0,17909.54,5553.0,99448971.0,18974.17,5554.0,105388038.0,19577.19,5710.0,111787107.0
31201,Snohomish,10437.26,9805.0,102337983.0,11479.72,9901.0,113665394.0,11875.91,10122.0,120212669.0,12834.18,10028.0,128702392.0,14662.18,9934.0,145661394.0,14836.12,9917.0,147125340.0,15532.22,9292.0,144326488.0,16581.65,9317.0,154489032.0,17756.25,9375.0,166456277.0,18681.92,9545.0,178323435.0,19567.08,9694.0,189680903.0
31306,Lakewood,10351.12,2238.0,23160934.0,10601.91,2294.0,24323335.0,11244.1,2365.0,26596238.0,12372.42,2439.0,30178682.0,13733.03,2464.0,33839425.0,14207.23,2561.0,36389701.0,14520.74,2468.0,35832987.0,15853.45,2553.0,40479889.0,17490.74,2573.0,45011554.0,18509.79,2617.0,48439197.0,19250.21,2645.0,50910838.0
31311,Sultan,10475.18,1952.0,20448502.0,11273.57,2003.0,22584011.0,12295.7,1991.0,24480007.0,13429.9,2005.0,26923195.0,15373.17,1913.0,29404561.0,15502.72,2005.0,31089466.0,16264.3,1880.0,30572652.0,17053.35,1957.0,33378345.0,18042.85,2057.0,37115760.0,18757.78,2080.0,39006794.0,19441.61,2196.0,42686201.0
31330,Darrington,13609.86,421.0,5733970.0,14756.12,415.0,6122168.0,15221.04,408.0,6207291.0,19214.9,404.0,7753789.0,17384.48,411.0,7151976.0,16229.02,424.0,6873801.0,17352.49,390.0,6774064.0,19966.09,414.0,8271153.0,20887.38,426.0,8888414.0,21548.56,441.0,9508734.0,24274.01,429.0,10419862.0
31332,Granite Falls,10932.64,2003.0,21899709.0,11498.82,2086.0,23989765.0,12096.57,2075.0,25094940.0,13257.42,1996.0,26456772.0,14726.42,2012.0,29630439.0,15114.03,2135.0,32263167.0,15640.37,2105.0,32917514.0,17095.28,2228.0,38093751.0,17834.48,2279.0,40639600.0,17923.67,2305.0,41305626.0,19083.81,2296.0,43808603.0
31401,Stanwood,10604.82,4334.0,45964364.0,11207.71,4403.0,49346221.0,11398.03,4559.0,51968534.0,12416.63,4606.0,57194213.0,13716.03,4671.0,64067560.0,14386.82,4855.0,69845118.0,15760.75,4584.0,72252630.0,17342.33,4650.0,80649481.0,17678.83,4786.0,84619717.0,18382.04,4810.0,88410446.0,18943.97,4854.0,91947803.0
32081,Spokane,11171.27,30134.0,336639552.0,11889.16,30358.0,360926735.0,12422.32,30757.0,382071236.0,13425.48,30749.0,412815662.0,14780.29,30917.0,456966091.0,13995.06,30888.0,432285454.0,15750.47,28615.0,450705907.0,17515.61,28655.0,501904094.0,19121.66,28960.0,553772333.0,19550.61,29025.0,567456286.0,20059.59,29230.0,586335661.0
32123,Orchard Prairie,10895.77,74.0,804762.0,11329.0,75.0,854207.0,11517.61,76.0,879024.0,13569.15,71.0,963952.0,13593.26,79.0,1071149.0,14790.78,76.0,1117887.0,14697.27,78.0,1142860.0,18845.1,69.0,1294658.0,16422.7,72.0,1175865.0,18225.55,73.0,1323175.0,19891.02,77.0,1527631.0
32312,Great Northern,14976.99,45.0,680704.0,14998.78,42.0,631299.0,14084.09,49.0,692092.0,13756.45,54.0,748351.0,21628.27,38.0,811276.0,21534.79,44.0,938271.0,23815.26,36.0,864494.0,32688.26,29.0,961035.0,24511.22,39.0,957653.0,24338.92,38.0,915143.0,27858.0,41.0,1147750.0
32325,Nine Mile Falls,10182.25,1449.0,14752145.0,11070.47,1440.0,15937708.0,11572.44,1432.0,16566755.0,12426.38,1428.0,17740518.0,13411.72,1412.0,18938553.0,13194.2,1441.0,19012441.0,14438.77,1336.0,19294245.0,15531.47,1390.0,21585950.0,16341.85,1416.0,23132865.0,16551.68,1423.0,23545095.0,17824.31,1415.0,25227104.0
32326,Medical Lake,10476.28,1796.0,18813085.0,10835.34,1845.0,19988823.0,11498.07,1874.0,21541861.0,11888.75,1887.0,22436207.0,13525.67,1881.0,25442057.0,13593.86,1895.0,25759949.0,15238.28,1757.0,26768630.0,15809.39,1780.0,28148466.0,16891.72,1787.0,30177556.0,17753.59,1759.0,31224838.0,18331.12,1761.0,32272308.0
32354,Mead,9950.08,9585.0,95372420.0,10813.77,9678.0,104651192.0,11205.29,9906.0,110999399.0,12138.54,10406.0,126313603.0,13009.26,10685.0,139004977.0,12719.19,10751.0,136749362.0,14107.37,10226.0,144263652.0,14507.82,10296.0,149373346.0,15362.21,10321.0,158556462.0,15838.83,10377.0,164359202.0,16875.5,10502.0,177223334.0
32356,Central Valley,9906.39,13021.0,128987168.0,10585.55,13407.0,141916715.0,10999.17,13754.0,151283337.0,12156.2,14070.0,171038197.0,13394.81,14350.0,192216817.0,13122.79,14581.0,191342220.0,14807.57,13981.0,207030048.0,16044.3,14215.0,228069369.0,16467.57,14332.0,236012117.0,16415.71,14416.0,236646124.0,17542.19,14708.0,258017660.0
32358,Freeman,9727.85,906.0,8814503.0,11237.23,871.0,9788637.0,10847.7,897.0,9726159.0,11629.68,903.0,10499860.0,12323.5,902.0,11118999.0,13014.07,915.0,11901632.0,13814.95,861.0,11893567.0,14771.64,869.0,12840102.0,15844.37,883.0,13997554.0,15964.73,875.0,13976162.0,15826.4,878.0,13896053.0
32360,Cheney,10213.16,4365.0,44577367.0,10798.81,4526.0,48870137.0,10948.77,4707.0,51531369.0,11990.69,4825.0,57855552.0,12673.21,5062.0,64152537.0,13405.98,5183.0,69488968.0,13701.98,5011.0,68664992.0,14557.33,5243.0,76326726.0,15151.67,5384.0,81571738.0,16005.86,5487.0,87818097.0,17042.39,5573.0,94972148.0
32361,East Valley (Spokane),10806.2,4192.0,45294524.0,11733.32,4267.0,50070415.0,12297.58,4236.0,52094007.0,13279.08,4225.0,56107967.0,13752.05,4117.0,56618145.0,14533.03,4057.0,58959907.0,16650.55,3626.0,60372379.0,17072.7,3550.0,60616294.0,18970.26,3517.0,66726957.0,19653.68,3497.0,68726945.0,20322.24,3454.0,70194429.0
32362,Liberty,13353.93,405.0,5404736.0,12747.19,449.0,5720302.0,12981.48,468.0,6078448.0,13362.2,516.0,6895564.0,14230.78,527.0,7494780.0,13928.35,552.0,7692628.0,15847.8,539.0,8535150.0,15428.24,567.0,8743030.0,16856.41,582.0,9809590.0,17679.06,594.0,10506488.0,18282.22,601.0,10994012.0
32363,West Valley (Spokane),10615.72,3796.0,40295991.0,11304.22,3708.0,41921355.0,12112.73,3722.0,45088070.0,12242.55,3818.0,46745359.0,12922.22,3723.0,48107625.0,12733.47,3707.0,47202962.0,14864.72,3391.0,50401656.0,15017.87,3440.0,51658156.0,15814.07,3449.0,54547141.0,17048.04,3414.0,58205252.0,17535.64,3446.0,60425371.0
32414,Deer Park,9557.36,2481.0,23715645.0,9922.54,2458.0,24392079.0,10482.43,2464.0,25828910.0,11130.38,2464.0,27425156.0,11794.25,2558.0,30169564.0,12193.78,2568.0,31318634.0,13108.02,2510.0,32895234.0,14285.25,2516.0,35944402.0,13994.57,2677.0,37466126.0,15211.89,2681.0,40777288.0,16004.03,2681.0,42906169.0
32416,Riverside,11290.12,1489.0,16815511.0,12092.22,1465.0,17714984.0,12591.56,1444.0,18183600.0,13715.33,1413.0,19373311.0,14120.47,1406.0,19852531.0,13853.92,1479.0,20491058.0,15243.45,1410.0,21493722.0,15496.16,1445.0,22392101.0,16002.59,1523.0,24364737.0,16527.07,1516.0,25050911.0,17555.08,1479.0,25961859.0
32901,Spokane Int'l Charter,,,,,,,10971.12,257.0,2823637.0,13140.49,400.0,5256854.0,11417.49,488.0,5570594.0,21924.7,459.0,10063654.0,13899.48,598.0,8313277.0,16531.31,674.0,11137143.0,16767.45,732.0,12267232.0,17730.43,761.0,13498706.0,17095.24,826.0,14123916.0
32903,Lumen Charter,,,,,,,,,,,,,,,,,,,57541.12,37.0,2114061.0,60894.03,37.0,2228721.0,80731.13,34.0,2783609.0,83049.3,28.0,2299635.0,78177.85,29.0,2232760.0
32907,Innovation Spokane (Pride) Charter,,,,,,,11200.04,237.0,2649929.0,13362.73,396.0,5290973.0,11868.04,491.0,5821391.0,13528.76,565.0,7640639.0,11115.3,720.0,8005687.0,26624.57,615.0,16364525.0,17305.75,504.0,8730058.0,18329.14,427.0,7826361.0,24227.47,230.0,5578617.0
33030,Onion Creek,23854.35,35.0,825360.0,20564.81,41.0,841101.0,22913.35,38.0,877581.0,31643.4,30.0,952466.0,30050.39,39.0,1172566.0,24736.69,38.0,932326.0,21639.95,43.0,921862.0,23483.73,47.0,1113129.0,30986.08,38.0,1192964.0,30490.42,40.0,1204372.0,31951.16,41.0,1313193.0
33036,Chewelah,10246.64,871.0,8926664.0,11401.9,814.0,9282741.0,11926.31,792.0,9446353.0,12560.85,782.0,9826098.0,13644.06,806.0,10997524.0,13595.36,787.0,10705665.0,15030.42,710.0,10666786.0,16060.09,774.0,12435968.0,17832.92,780.0,13914137.0,17343.2,833.0,14439772.0,18476.4,788.0,14552013.0
33049,Wellpinit,12856.27,556.0,7153871.0,16676.89,448.0,7475583.0,20074.08,409.0,8218529.0,20998.85,405.0,8513352.0,20866.71,441.0,9197003.0,22176.04,447.0,9916017.0,24019.18,433.0,10402708.0,31333.87,393.0,12325176.0,32541.63,394.0,12830187.0,33369.48,417.0,13931425.0,31901.01,422.0,13469245.0
33070,Valley,15184.31,651.0,9891670.0,13300.12,710.0,9447338.0,12946.54,725.0,9390900.0,14090.13,706.0,9949607.0,12662.11,935.0,11836796.0,12882.38,979.0,12612498.0,11157.82,1239.0,13820182.0,13128.01,1093.0,14354301.0,15997.11,975.0,15594140.0,16420.02,1017.0,16703267.0,17602.04,1022.0,17982420.0
33115,Colville,10316.84,1820.0,18777268.0,11073.61,1812.0,20063948.0,11402.32,1829.0,20852563.0,12581.36,1815.0,22839193.0,13436.3,1848.0,24836068.0,13700.75,1762.0,24138526.0,15332.41,1597.0,24485099.0,15264.04,1645.0,25108730.0,16743.7,1714.0,28693514.0,17630.08,1725.0,30416475.0,17657.55,1750.0,30897000.0
33183,Loon Lake,8662.93,196.0,1702179.0,9208.53,201.0,1848981.0,10190.98,191.0,1945763.0,9848.09,215.0,2115960.0,11466.07,220.0,2527122.0,11831.01,229.0,2706697.0,11613.72,261.0,3028858.0,13864.14,234.0,3250862.0,15107.14,231.0,3485217.0,14460.83,247.0,3570378.0,13810.05,258.0,3564788.0
33202,Summit Valley,14477.71,74.0,1077141.0,15027.5,64.0,963413.0,14075.05,65.0,909811.0,11997.7,79.0,945539.0,12448.32,79.0,982172.0,16029.65,67.0,1076712.0,19376.23,64.0,1245891.0,20594.0,70.0,1443433.0,18283.76,76.0,1385909.0,17440.7,82.0,1430137.0,15870.37,96.0,1525777.0
33205,Evergreen (Stevevenson),18741.95,23.0,437812.0,17513.07,26.0,464096.0,17678.06,29.0,512664.0,15188.05,36.0,539176.0,15410.15,35.0,533191.0,17214.39,35.0,606463.0,18343.57,31.0,574154.0,22351.52,27.0,603491.0,21385.94,33.0,697182.0,19841.5,35.0,690484.0,19757.47,38.0,758687.0
33206,Columbia (Stevenson),18404.51,157.0,2881226.0,18312.92,158.0,2893624.0,20637.72,152.0,3140649.0,23803.64,137.0,3261098.0,24722.79,128.0,3156606.0,29330.49,105.0,3067970.0,27356.18,110.0,3005077.0,26495.22,111.0,2951568.0,26667.96,133.0,3558039.0,33755.58,112.0,3792776.0,33251.83,112.0,3736840.0
33207,Mary Walker,12259.1,493.0,6045428.0,10857.11,935.0,10156715.0,14862.48,534.0,7938347.0,15799.24,500.0,7898198.0,16344.88,462.0,7559017.0,14807.46,473.0,7009111.0,15324.09,424.0,6500481.0,14381.94,464.0,6679546.0,16308.55,497.0,8100295.0,18434.15,503.0,9265375.0,18016.04,532.0,9580387.0
33211,Northport,13940.53,241.0,3355666.0,14707.63,216.0,3174936.0,14604.05,229.0,3350170.0,16320.92,235.0,3836070.0,17360.57,228.0,3965329.0,17881.71,216.0,3861376.0,16947.97,265.0,4490196.0,20153.59,250.0,5032151.0,19751.54,269.0,5306843.0,21093.6,265.0,5583687.0,23684.25,271.0,6417248.0
33212,Kettle Falls,10145.7,888.0,9013038.0,10878.67,895.0,9738152.0,10797.79,947.0,10225721.0,12199.52,970.0,11828534.0,12970.45,1027.0,13319613.0,13458.21,1056.0,14209721.0,13260.39,1067.0,14148170.0,14549.8,1050.0,15284133.0,15343.6,1084.0,16628629.0,16082.47,1105.0,17775638.0,17418.4,1092.0,19024724.0
34002,Yelm,9910.6,5426.0,53770741.0,10166.2,5660.0,57543209.0,10640.77,5788.0,61590141.0,11711.63,5756.0,67415793.0,13235.1,5735.0,75909767.0,13342.68,5834.0,77843460.0,14827.37,5431.0,80525520.0,16479.45,5414.0,89211478.0,16891.11,5630.0,95104724.0,17373.65,5770.0,100242474.0,16211.21,5639.0,91415824.0
34003,North Thurston,10351.06,14447.0,149537588.0,11020.87,14919.0,164416565.0,11614.43,15082.0,175168643.0,12672.06,15112.0,191493994.0,13691.64,15236.0,208607241.0,14015.75,15652.0,219375337.0,14857.3,14683.0,218155763.0,15871.93,15019.0,238386103.0,17089.81,15108.0,258200232.0,17393.07,15136.0,263267785.0,18497.77,15236.0,281832031.0
34033,Tumwater,9768.61,6634.0,64806523.0,10676.77,6838.0,73008918.0,11184.26,6955.0,77789674.0,11768.7,7172.0,84399796.0,13025.28,6904.0,89925524.0,13314.49,6904.0,91927635.0,14733.63,6557.0,96612802.0,14738.03,6767.0,99736784.0,15596.74,6773.0,105631699.0,17090.06,6700.0,114500657.0,17863.81,6792.0,121326527.0
34111,Olympia,10375.98,9405.0,97582049.0,11024.73,9796.0,107993882.0,11494.71,10038.0,115389049.0,12219.58,10108.0,123512992.0,13123.27,10131.0,132955255.0,13780.68,10280.0,141665622.0,14600.22,9746.0,142286696.0,16150.06,9703.0,156709220.0,17180.17,9635.0,165535574.0,17198.06,9619.0,165435891.0,18121.33,9675.0,175317896.0
34307,Rainier,10473.76,816.0,8549937.0,11525.94,804.0,9267086.0,11279.11,826.0,9315640.0,11446.17,870.0,9962751.0,12846.72,870.0,11181145.0,12768.99,905.0,11549807.0,13266.51,883.0,11710612.0,15174.59,886.0,13445445.0,16012.06,906.0,14512529.0,16166.24,945.0,15283560.0,16855.46,978.0,16489022.0
34324,Griffin,11492.41,625.0,7177813.0,12463.33,630.0,7853769.0,12637.87,650.0,8219165.0,13494.88,661.0,8921603.0,14223.7,647.0,9200314.0,14989.69,643.0,9644066.0,16186.36,608.0,9842602.0,17629.06,615.0,10841168.0,17702.51,584.0,10335258.0,20271.36,573.0,11624410.0,20349.6,589.0,11976145.0
34401,Rochester,10535.97,2227.0,23468346.0,11384.66,2196.0,25006298.0,11830.9,2292.0,27115835.0,12898.65,2302.0,29687142.0,13597.64,2312.0,31434746.0,14234.49,2219.0,31580920.0,14916.08,2150.0,32068687.0,17596.87,2076.0,36527928.0,18666.92,2136.0,39866950.0,18033.17,2138.0,38563761.0,18731.29,2134.0,39969945.0
34402,Tenino,10536.04,1173.0,12357725.0,11410.38,1198.0,13668947.0,11818.6,1245.0,14714394.0,12443.82,1262.0,15699126.0,13021.95,1298.0,16901058.0,13229.18,1334.0,17653684.0,14395.15,1264.0,18189707.0,16212.95,1234.0,20009857.0,17254.58,1270.0,21913667.0,18078.31,1267.0,22898889.0,17858.39,1277.0,22804986.0
34901,Wa He Lut Tribal,,,,,,,,,,7883.68,132.0,1042223.0,10031.91,129.0,1298129.0,10703.8,134.0,1439447.0,9808.46,140.0,1369261.0,12482.16,127.0,1590228.0,15614.16,135.0,2114158.0,15587.76,131.0,2048231.0,14179.02,135.0,1915585.0
35200,Wahkiakum,11271.63,458.0,5159587.0,12252.82,455.0,5569027.0,14076.44,436.0,6135355.0,14618.04,483.0,7065044.0,14318.48,506.0,7242430.0,14742.92,505.0,7448271.0,15969.93,477.0,7622130.0,17595.83,448.0,7876949.0,21158.7,430.0,9108820.0,20128.65,410.0,8253954.0,19233.31,404.0,7766410.0
36101,Dixie,30394.84,23.0,696042.0,25273.34,28.0,707653.0,35741.35,19.0,668363.0,40006.28,17.0,696109.0,47693.66,14.0,682019.0,49091.81,14.0,675012.0,26548.13,28.0,753967.0,43137.24,17.0,746274.0,52710.27,17.0,890804.0,43856.27,19.0,833269.0,58136.11,14.0,831346.0
36140,Walla Walla,10746.75,6003.0,64517914.0,11800.01,5957.0,70291960.0,12360.28,5845.0,72240991.0,12896.7,5816.0,75010174.0,13542.58,5787.0,78368752.0,14641.98,5782.0,84655689.0,15655.6,5530.0,86580026.0,17061.85,5540.0,94522984.0,17441.21,5500.0,95925420.0,17994.63,5441.0,97907862.0,18593.47,5395.0,100313605.0
36250,College Place,11409.82,1007.0,11489349.0,11322.09,1219.0,13801962.0,11785.13,1344.0,15840752.0,11915.01,1456.0,17346584.0,12624.46,1492.0,18840494.0,12256.41,1632.0,20005650.0,13888.25,1609.0,22347029.0,15950.15,1548.0,24694982.0,17249.51,1548.0,26708454.0,17801.0,1518.0,27018530.0,19591.17,1495.0,29289578.0
36300,Touchet,14179.83,238.0,3380046.0,15518.2,228.0,3534270.0,17199.56,208.0,3582669.0,18362.69,206.0,3786570.0,18157.63,217.0,3933305.0,18493.76,224.0,4136499.0,20403.9,214.0,4376229.0,22320.78,202.0,4516386.0,22538.85,217.0,4889128.0,21725.76,237.0,5145963.0,20405.52,248.0,5061793.0
36400,Columbia (Walla),10704.46,846.0,9060472.0,12052.53,812.0,9792196.0,12493.99,775.0,9683094.0,13457.51,762.0,10254083.0,14414.01,763.0,11003221.0,14704.59,778.0,11432818.0,16859.14,713.0,12017698.0,17163.96,727.0,12476824.0,19041.72,764.0,14557206.0,19062.85,787.0,14997312.0,19035.26,791.0,15066407.0
36401,Waitsburg,12807.06,294.0,3762714.0,14656.93,279.0,4085326.0,13743.75,300.0,4122025.0,15437.3,279.0,4305927.0,16435.55,280.0,4601297.0,16289.93,273.0,4445522.0,17543.58,244.0,4273790.0,18024.86,263.0,4737293.0,20378.88,277.0,5640261.0,19237.61,283.0,5445589.0,19784.91,282.0,5585477.0
36402,Prescott,12574.35,339.0,4257674.0,12682.85,350.0,4440646.0,14966.08,277.0,4143659.0,16805.5,256.0,4303384.0,16314.59,264.0,4306073.0,17508.56,254.0,4446299.0,19791.56,248.0,4902568.0,25715.66,248.0,6389569.0,31594.65,244.0,7697403.0,27725.12,266.0,7363236.0,24263.76,271.0,6576451.0
36901,Willow Charter,,,,,,,,,,,,,17781.66,94.0,1668098.0,38144.02,48.0,1846170.0,24079.38,56.0,1339295.0,,,,,,,,,,,,
37501,Bellingham,11049.11,10848.0,119860455.0,11809.67,11062.0,130639546.0,11807.31,11449.0,135177420.0,12732.26,11669.0,148578245.0,13862.64,11839.0,164118498.0,14401.78,11835.0,170442150.0,15733.02,11381.0,179051071.0,16983.27,11382.0,193308540.0,18288.64,11392.0,208346059.0,18656.06,11237.0,209632156.0,19838.18,11164.0,221473850.0
37502,Ferndale,10965.11,4693.0,51461586.0,11635.42,4763.0,55421947.0,11843.54,4793.0,56760740.0,13227.2,4803.0,63535928.0,14331.15,4785.0,68567969.0,14724.07,4829.0,71101803.0,14933.36,4351.0,64981753.0,17996.66,4417.0,79488564.0,18987.81,4613.0,87584126.0,19342.09,4671.0,90346880.0,18798.73,4749.0,89283438.0
37503,Blaine,10987.04,2108.0,23159246.0,12099.71,2121.0,25662882.0,12275.21,2249.0,27606829.0,13369.6,2255.0,30148979.0,14543.2,2296.0,33389738.0,15458.04,2288.0,35375109.0,15333.25,2156.0,33062630.0,17725.47,2125.0,37662716.0,20332.3,2063.0,41936990.0,19099.17,2040.0,38964976.0,19627.64,1994.0,39140074.0
37504,Lynden,9744.53,2809.0,27368394.0,10254.65,3064.0,31415840.0,10628.33,3240.0,34433450.0,11736.11,3293.0,38652422.0,12398.26,3459.0,42891671.0,13053.84,3584.0,46778571.0,14945.43,3357.0,50168362.0,15643.13,3366.0,52656814.0,15995.26,3490.0,55822835.0,16292.19,3542.0,57701227.0,17546.72,3608.0,63315425.0
37505,Meridian,10299.46,1667.0,17173015.0,10788.1,1739.0,18761915.0,10877.83,1734.0,18863687.0,11701.28,1783.0,20863966.0,12569.07,1772.0,22273773.0,13480.78,1828.0,24646101.0,13707.1,1821.0,24959257.0,17174.67,1746.0,29978901.0,16906.78,1791.0,30284954.0,17166.62,1870.0,32104154.0,18158.29,1898.0,34470971.0
37506,Nooksack Valley,11287.3,1595.0,18001442.0,11969.76,1631.0,19527468.0,12427.83,1721.0,21384823.0,13517.36,1791.0,24211492.0,13775.16,1860.0,25621661.0,14316.63,1945.0,27850003.0,15325.25,1867.0,28616998.0,17829.6,1827.0,32581813.0,18075.02,1897.0,34291565.0,18140.88,1954.0,35444384.0,18445.72,2024.0,37341697.0
37507,Mount Baker,12137.4,1832.0,22236193.0,12544.33,1896.0,23782798.0,13030.92,1893.0,24661669.0,14030.76,1849.0,25949182.0,15421.77,1882.0,29031171.0,17113.95,1843.0,31542035.0,18610.79,1706.0,31750002.0,20685.58,1659.0,34312198.0,21467.23,1647.0,35350735.0,21275.46,1598.0,34003075.0,21304.48,1573.0,33508110.0
37902,Whatcom Int'g Charter,,,,,,,,,,,,,,,,,,,,,,50920.98,49.0,2516515.0,31564.73,74.0,2323480.0,34083.63,75.0,2554568.0,24054.53,100.0,2408821.0
37903,Lummi Tribal,8343.18,316.0,2633774.0,9898.39,301.0,2978229.0,9745.44,335.0,3267938.0,10657.56,368.0,3919423.0,14015.57,386.0,5408890.0,14363.18,434.0,6229596.0,15356.2,419.0,6440546.0,15887.68,410.0,6507912.0,19057.61,400.0,7616374.0,17549.21,418.0,7339606.0,,,
38126,Lacrosse Joint,36186.92,66.0,2378928.0,34758.71,69.0,2385490.0,40726.46,59.0,2409784.0,38637.34,63.0,2445744.0,36990.93,68.0,2532399.0,33883.12,81.0,2740467.0,33122.59,85.0,2829994.0,36493.64,82.0,3007076.0,34839.01,89.0,3104852.0,43192.89,77.0,3328876.0,40918.43,78.0,3177725.0
38264,Lamont,22257.44,32.0,712238.0,23702.31,31.0,737142.0,25724.75,30.0,769170.0,22582.31,39.0,871677.0,24974.28,35.0,874100.0,20810.67,39.0,812032.0,20032.04,41.0,829527.0,29109.56,36.0,1036300.0,41194.02,28.0,1139015.0,48816.68,24.0,1181364.0,36033.87,31.0,1113086.0
38265,Tekoa,15983.73,202.0,3228553.0,15607.58,215.0,3350635.0,17406.78,198.0,3454202.0,17899.12,199.0,3556734.0,19892.63,201.0,3994440.0,19616.75,203.0,3977688.0,23449.02,174.0,4070750.0,21802.2,192.0,4182533.0,22652.52,199.0,4516913.0,23683.26,197.0,4674601.0,25142.97,194.0,4877987.0
38267,Pullman,8992.32,2568.0,23093448.0,9099.86,2728.0,24822501.0,9106.9,2869.0,26131895.0,10233.31,2924.0,29917998.0,12081.17,2880.0,34792808.0,12726.25,2796.0,35584874.0,14151.96,2596.0,36739065.0,15026.3,2643.0,39720671.0,15698.87,2720.0,42707203.0,16183.88,2657.0,42997665.0,16230.87,2695.0,43743327.0
38300,Colfax,11105.57,588.0,6525633.0,11269.61,597.0,6724803.0,11928.18,592.0,7058381.0,12732.39,584.0,7433297.0,14158.04,555.0,7854031.0,14324.05,556.0,7958726.0,15464.8,529.0,8181651.0,15715.12,520.0,8172332.0,15830.73,565.0,8942779.0,17680.29,531.0,9388766.0,18190.23,541.0,9836728.0
38301,Palouse,15781.44,169.0,2669272.0,15315.51,181.0,2771342.0,15544.24,191.0,2964909.0,17231.18,185.0,3195178.0,17746.0,185.0,3277686.0,18111.22,184.0,3331197.0,20447.32,161.0,3287111.0,21670.82,156.0,3371546.0,24043.7,158.0,3803233.0,23724.06,172.0,4074607.0,23746.18,178.0,4228246.0
38302,Garfield,22629.23,104.0,2360228.0,23246.2,109.0,2532906.0,24161.35,109.0,2638420.0,23102.88,116.0,2673003.0,22097.45,125.0,2761961.0,23186.12,125.0,2903598.0,28770.97,103.0,2966287.0,31646.62,107.0,3400113.0,31548.52,116.0,3666253.0,31957.53,112.0,3563585.0,32279.98,117.0,3781599.0
38304,Steptoe,20647.46,35.0,722455.0,18037.14,40.0,725273.0,21594.72,34.0,728606.0,17780.89,44.0,780048.0,16633.77,49.0,814556.0,15872.81,52.0,823799.0,19905.09,44.0,877814.0,21954.73,40.0,873798.0,32542.88,29.0,955459.0,32779.89,30.0,993231.0,32409.61,32.0,1040349.0
38306,Colton,15658.47,159.0,2482806.0,19062.84,141.0,2688623.0,19601.44,147.0,2889645.0,19732.6,157.0,3100780.0,18224.12,181.0,3290730.0,19470.46,176.0,3431085.0,22324.55,158.0,3523037.0,24213.74,157.0,3794535.0,27539.09,143.0,3946076.0,25635.17,145.0,3717869.0,25331.74,155.0,3928700.0
38308,Endicott,31557.99,74.0,2343497.0,27450.45,85.0,2326425.0,26056.25,91.0,2364865.0,26814.49,91.0,2446286.0,29778.73,86.0,2572585.0,31190.22,83.0,2594402.0,34017.94,81.0,2749330.0,38056.54,75.0,2869083.0,44174.18,71.0,3120464.0,41005.84,77.0,3176723.0,43099.01,73.0,3133729.0
38320,Rosalia,16844.1,203.0,3420363.0,19137.29,175.0,3348644.0,19757.62,177.0,3494925.0,20487.45,173.0,3551294.0,20554.72,188.0,3873743.0,20482.76,191.0,3917328.0,23655.24,170.0,4023520.0,27284.15,153.0,4187571.0,30818.55,149.0,4607374.0,31013.5,147.0,4568908.0,31425.74,145.0,4570246.0
38322,St John,15639.96,176.0,2752633.0,16120.02,175.0,2825195.0,17830.25,162.0,2879943.0,19293.98,157.0,3025295.0,21244.85,152.0,3231979.0,21965.13,145.0,3175938.0,23611.67,135.0,3191353.0,29957.32,124.0,3722197.0,27794.25,142.0,3940669.0,30985.48,133.0,4116731.0,26229.21,153.0,4025397.0
38324,Oakesdale,22833.42,108.0,2469663.0,25217.22,99.0,2506088.0,23555.04,114.0,2690928.0,24789.17,118.0,2931072.0,24300.35,126.0,3052367.0,26639.93,124.0,3296159.0,23112.31,146.0,3363304.0,24440.64,146.0,3566133.0,28871.97,145.0,4177485.0,25698.13,155.0,3983724.0,28471.23,147.0,4185271.0
38901,Pullman Mont Charter,,,,,,,,,,,,,,,,,,,,,,24492.06,73.0,1780573.0,25449.16,94.0,2394766.0,25293.1,102.0,2590013.0,,,
39002,Union Gap,10149.3,637.0,6466223.0,10707.85,664.0,7107446.0,11563.03,641.0,7408431.0,12648.83,614.0,7765240.0,13191.37,637.0,8406993.0,13517.25,625.0,8443010.0,14286.58,581.0,8304790.0,15228.58,584.0,8890904.0,18118.31,569.0,10300260.0,19728.86,572.0,11288262.0,19884.25,553.0,10993601.0
39003,Naches Valley,10188.03,1306.0,13303325.0,10979.77,1317.0,14461570.0,11555.23,1325.0,15312527.0,12559.9,1301.0,16340054.0,13488.05,1268.0,17098796.0,13550.12,1286.0,17428710.0,15291.3,1226.0,18747130.0,17129.86,1246.0,21347056.0,17164.15,1298.0,22274949.0,17670.14,1310.0,23150882.0,19005.61,1305.0,24806885.0
39007,Yakima,11056.34,16363.0,180915928.0,11016.95,16494.0,181712069.0,11947.14,16470.0,196771377.0,13199.66,16590.0,218975842.0,13620.06,16545.0,225347182.0,13847.82,16584.0,229659052.0,15097.04,15944.0,240714520.0,17476.49,15775.0,275695603.0,19435.77,15589.0,302988375.0,18428.77,15620.0,287849869.0,17947.36,15594.0,279868232.0
39090,East Valley (Yakima),9607.82,3050.0,29300652.0,10719.39,3124.0,33487165.0,11367.26,3200.0,36371014.0,11878.7,3234.0,38413564.0,12969.41,3261.0,42291811.0,13163.21,3283.0,43212579.0,14196.64,3173.0,45046095.0,15243.0,3315.0,50530092.0,15960.33,3404.0,54329288.0,15826.5,3438.0,54408664.0,16878.48,3397.0,57329799.0
39119,Selah,9837.27,3463.0,34070465.0,10779.9,3600.0,38805814.0,11175.33,3618.0,40434594.0,11428.73,3697.0,42253491.0,12835.83,3689.0,47356765.0,13016.29,3766.0,49025347.0,14643.9,3612.0,52894511.0,15740.33,3662.0,57634469.0,16020.32,3741.0,59925117.0,16686.28,3742.0,62439396.0,17769.46,3695.0,65654415.0
39120,Mabton,10995.24,947.0,10407321.0,11407.88,948.0,10818438.0,11827.98,904.0,10693204.0,13444.96,885.0,11894886.0,14898.96,839.0,12493372.0,14891.64,865.0,12884995.0,15604.8,843.0,13158594.0,18353.42,809.0,14846999.0,20560.64,777.0,15982196.0,20856.25,761.0,15878282.0,19588.19,736.0,14420431.0
39200,Grandview,9665.08,3646.0,35236087.0,10326.05,3695.0,38153412.0,10719.33,3733.0,40018168.0,11576.61,3737.0,43262006.0,13275.2,3656.0,48528699.0,14624.57,3630.0,53091123.0,15198.96,3554.0,54022134.0,16637.09,3515.0,58480042.0,17832.67,3508.0,62562533.0,17915.29,3607.0,64618825.0,18042.8,3573.0,64461331.0
39201,Sunnyside,10174.78,6671.0,67872589.0,10615.04,6761.0,71766399.0,11089.68,6789.0,75285086.0,12619.04,6835.0,86255325.0,14055.58,6789.0,95418442.0,14428.95,6745.0,97325019.0,15704.76,6648.0,104401813.0,17192.88,6487.0,111535906.0,18607.92,6322.0,117635727.0,18884.06,6186.0,116824335.0,18770.86,6050.0,113554723.0
39202,Toppenish,10130.15,4144.0,41978559.0,10661.56,4141.0,44146647.0,11302.22,4289.0,48471360.0,12398.63,4268.0,52922455.0,13956.07,4260.0,59458177.0,14553.81,4317.0,62829366.0,15253.09,4556.0,69486995.0,17172.37,4326.0,74294526.0,17789.13,4353.0,77437674.0,18767.55,3973.0,74569121.0,18365.51,3904.0,71693434.0
39203,Highland,10959.72,1193.0,13077665.0,11532.73,1172.0,13513596.0,12257.97,1168.0,14316821.0,12948.27,1140.0,14765948.0,14091.6,1144.0,16118395.0,14479.73,1115.0,16147799.0,15451.62,1069.0,16511909.0,16688.71,1047.0,17475417.0,17523.35,1077.0,18876683.0,17732.67,1096.0,19428795.0,18136.21,1065.0,19309627.0
39204,Granger,10866.39,1504.0,16343598.0,11522.57,1527.0,17597040.0,12052.49,1500.0,18080182.0,13748.06,1455.0,20007828.0,14703.6,1477.0,21713093.0,15499.81,1479.0,22923761.0,17476.9,1449.0,25319141.0,20909.46,1470.0,30734402.0,20495.58,1419.0,29082824.0,19289.19,1381.0,26637786.0,19860.69,1403.0,27858395.0
39205,Zillah,9418.11,1331.0,12540126.0,10523.52,1324.0,13936928.0,10682.45,1319.0,14094311.0,11777.86,1301.0,15328179.0,12893.97,1305.0,16826504.0,13137.79,1297.0,17039588.0,13976.13,1238.0,17303703.0,14512.57,1270.0,18437784.0,17967.73,1300.0,23365057.0,15982.95,1343.0,21463988.0,17537.74,1326.0,23261359.0
39207,Wapato,10516.66,3359.0,35325987.0,11027.64,3421.0,37726204.0,11677.9,3368.0,39331503.0,12656.85,3403.0,43072535.0,14235.65,3419.0,48669967.0,14930.97,3338.0,49841819.0,16300.05,3194.0,52054708.0,19015.55,3102.0,58982619.0,20131.27,3165.0,63716274.0,20252.77,3155.0,63903976.0,20042.12,3138.0,62884942.0
39208,West Valley (Yakima),9400.55,4887.0,45943796.0,10067.23,4980.0,50139515.0,10279.4,5244.0,53905374.0,11047.35,5376.0,59394315.0,12805.16,5393.0,69057865.0,13014.57,5457.0,71020355.0,14135.2,5188.0,73327896.0,14933.16,5296.0,79089130.0,15428.46,5418.0,83584752.0,15441.03,5474.0,84524973.0,16338.55,5408.0,88361795.0
39209,Mount Adams,14018.05,952.0,13343784.0,14875.82,932.0,13870510.0,14958.82,937.0,14019558.0,16346.61,916.0,14972841.0,17545.47,905.0,15876020.0,18114.34,886.0,16052562.0,17838.67,864.0,15419743.0,21171.81,850.0,17988841.0,24206.24,890.0,21555171.0,24173.74,878.0,21228413.0,26229.05,829.0,21749128.0
39901,Yakama Nation Tribal,,,,,,,,,,,,,,,,11806.8,138.0,1635006.0,12545.56,126.0,1577228.0,8438.29,128.0,1075882.0,7304.64,141.0,1032876.0,10381.11,139.0,1438822.0,8465.69,132.0,1119165.0
